"Cycle Date","Remittance ID","Payment Scheduled Date","Payment Date","Total Delivered Count","Total COD Sales Amount","Total Online Sales Amount","Total Expenses","Amount Transferred to Seller","Amt. Transferred to Next Cycle or Wallet","Pending Spends Payments (Paid by Seller)","Settlement Status","Bank Account No","UTR","Seller Payment Mode"
"31 Aug 2026 - 02 Sep 2026","6a9877e0efb3ce2eb0baa21c","07 Sep 2026","-",36,"58353.00","0.00","-21329.64","37023.36","0.00","0.00","UPCOMING","924020029457105","-","Non-Wallet"
"27 Aug 2026 - 30 Aug 2026","6a94958b9a02b372379f22d7","03 Sep 2026","-",75,"127975.00","0.00","-39826.58","88148.42","0.00","0.00","UPCOMING","924020029457105","-","Non-Wallet"
"24 Aug 2026 - 26 Aug 2026","6a8f4dbec0aac01cfc11559f","31 Aug 2026","01 Sep 2026",66,"105188.00","0.00","-39065.07","66122.93","0.00","0.00","COMPLETED","924020029457105","IDFB6243M5230095","Non-Wallet"
"20 Aug 2026 - 23 Aug 2026","6a8b5c078b6bb13b72226aca","27 Aug 2026","28 Aug 2026",93,"150937.00","0.00","-46570.81","104366.19","0.00","0.00","COMPLETED","924020029457105","IDFB6240M4490826","Non-Wallet"
"17 Aug 2026 - 19 Aug 2026","6a8613568b6bb13b72223152","24 Aug 2026","25 Aug 2026",74,"120885.00","0.00","-36212.14","84672.86","0.00","0.00","COMPLETED","924020029457105","IDFB6237M3475581","Non-Wallet"
"13 Aug 2026 - 16 Aug 2026","6a8220a33ed63d2db04e8ef9","20 Aug 2026","20 Aug 2026",110,"170513.00","0.00","-46291.74","124221.26","0.00","0.00","COMPLETED","924020029457105","IDFB6232M2183446","Non-Wallet"
"10 Aug 2026 - 12 Aug 2026","6a7cd7cdc51c25d398dda2c1","17 Aug 2026","18 Aug 2026",103,"158965.00","0.00","-53924.74","105040.26","0.00","0.00","COMPLETED","924020029457105","IDFB6230M1614745","Non-Wallet"
"06 Aug 2026 - 09 Aug 2026","6a78e4780709f704235d4039","13 Aug 2026","14 Aug 2026",128,"222213.00","0.00","-62773.57","159439.43","0.00","0.00","COMPLETED","924020029457105","IDFB6226M0702411","Non-Wallet"
"03 Aug 2026 - 05 Aug 2026","6a738fa3aa86110845f7897c","10 Aug 2026","11 Aug 2026",59,"99476.00","0.00","-37076.98","62399.02","0.00","0.00","COMPLETED","924020029457105","IDFB6223M9792268","Non-Wallet"
"30 Jul 2026 - 02 Aug 2026","6a6fabd688c83f567c7d8ecb","06 Aug 2026","07 Aug 2026",44,"72854.00","0.00","-21903.14","50950.86","0.00","0.00","COMPLETED","924020029457105","IDFB6219M8280621","Non-Wallet"
"27 Jul 2026 - 29 Jul 2026","6a6a63f188f8b3767b31f65d","03 Aug 2026","04 Aug 2026",52,"88095.00","0.00","-25162.86","62932.14","0.00","0.00","COMPLETED","924020029457105","IDFB6216M7000451","Non-Wallet"
"23 Jul 2026 - 26 Jul 2026","6a666d9ee8e78e97cb2ce607","30 Jul 2026","31 Jul 2026",109,"167421.00","0.00","-43980.69","123440.31","0.00","0.00","COMPLETED","924020029457105","IDFB6211M5305134","Non-Wallet"
"20 Jul 2026 - 22 Jul 2026","6a612aa5d0d92c00fe4f1179","27 Jul 2026","28 Jul 2026",89,"131603.00","0.00","-41853.83","89749.17","0.00","0.00","COMPLETED","924020029457105","IDFB6208M4397242","Non-Wallet"
"16 Jul 2026 - 19 Jul 2026","6a5d23f5b001954a8e5e10da","23 Jul 2026","24 Jul 2026",96,"145376.00","0.00","-42834.03","102541.97","0.00","0.00","COMPLETED","924020029457105","IDFB6204M3465182","Non-Wallet"
"13 Jul 2026 - 15 Jul 2026","6a57eca2b07ef5a446f4ec3d","20 Jul 2026","21 Jul 2026",82,"121657.00","0.00","-34980.17","86676.83","0.00","0.00","COMPLETED","924020029457105","IDFB6201M2606472","Non-Wallet"
"09 Jul 2026 - 12 Jul 2026","6a53e9038dbfb512a7eea6c3","16 Jul 2026","16 Jul 2026",95,"142084.00","0.00","-46634.29","95449.71","0.00","0.00","COMPLETED","924020029457105","IDFB6197M1532900","Non-Wallet"
"06 Jul 2026 - 08 Jul 2026","6a4eb28f22f4bec3b7b1d75f","13 Jul 2026","14 Jul 2026",65,"100293.00","0.00","-27875.28","72417.72","0.00","0.00","COMPLETED","924020029457105","IDFB6194M0765978","Non-Wallet"
"02 Jul 2026 - 05 Jul 2026","6a4abe4fc12798dc3f51ff64","09 Jul 2026","10 Jul 2026",119,"182039.00","0.00","-44504.36","137534.64","0.00","0.00","COMPLETED","924020029457105","IDFB6191M9589771","Non-Wallet"
"29 Jun 2026 - 01 Jul 2026","6a45751ca3077f9e4a2cb39a","06 Jul 2026","07 Jul 2026",77,"124837.00","0.00","-40609.89","84227.11","0.00","0.00","COMPLETED","924020029457105","IDFB6187M8323016","Non-Wallet"
"25 Jun 2026 - 28 Jun 2026","6a4181fbbae75c4473fd1fae","02 Jul 2026","03 Jul 2026",88,"140286.00","0.00","-49045.83","91240.17","0.00","0.00","COMPLETED","924020029457105","IDFB6183M7191718","Non-Wallet"
"22 Jun 2026 - 24 Jun 2026","6a3c3c812f94d24da26b115a","29 Jun 2026","30 Jun 2026",32,"49879.00","0.00","-17352.93","32526.07","0.00","0.00","COMPLETED","924020029457105","IDFB6180M5693176","Non-Wallet"
"18 Jun 2026 - 21 Jun 2026","6a384bfba616a3401561c29c","25 Jun 2026","26 Jun 2026",35,"54926.00","0.00","-20557.50","34368.50","0.00","0.00","COMPLETED","924020029457105","IDFB6176M4814930","Non-Wallet"
"15 Jun 2026 - 17 Jun 2026","6a3304b0a1f364dca75e0215","22 Jun 2026","23 Jun 2026",53,"77857.00","0.00","-20375.85","57481.15","0.00","0.00","COMPLETED","924020029457105","IDFB6174M4099850","Non-Wallet"
"11 Jun 2026 - 14 Jun 2026","6a2f02a9918a7826461714dd","18 Jun 2026","19 Jun 2026",77,"109060.00","0.00","-27127.85","81932.15","0.00","0.00","COMPLETED","924020029457105","IDFB6170M3048350","Non-Wallet"
"08 Jun 2026 - 10 Jun 2026","6a29c55419b9a4570f5c5f13","15 Jun 2026","16 Jun 2026",45,"68280.00","0.00","-15953.51","52326.49","0.00","0.00","COMPLETED","924020029457105","IDFB6167M2113843","Non-Wallet"
"04 Jun 2026 - 07 Jun 2026","6a25d106fb7ead0b02a9e0cc","11 Jun 2026","12 Jun 2026",52,"72944.00","0.00","-17217.21","55726.79","0.00","0.00","COMPLETED","924020029457105","IDFB6163M1115002","Non-Wallet"
"01 Jun 2026 - 03 Jun 2026","6a208e1bda9bcc89fa03a621","08 Jun 2026","09 Jun 2026",34,"49026.00","0.00","-17295.75","31730.25","0.00","0.00","COMPLETED","924020029457105","IDFB6160M0301623","Non-Wallet"
"28 May 2026 - 31 May 2026","6a1ca0652c56b966e2489f85","04 Jun 2026","04 Jun 2026",46,"61658.00","0.00","-22638.89","39019.11","0.00","0.00","COMPLETED","924020029457105","IDFB6155M8762349","Non-Wallet"
"25 May 2026 - 27 May 2026","6a1753967799c73557601f31","01 Jun 2026","02 Jun 2026",37,"51591.00","0.00","-14577.81","37013.19","0.00","0.00","COMPLETED","924020029457105","IDFB6153M8110521","Non-Wallet"
"21 May 2026 - 24 May 2026","6a135c506aac55fdef605802","28 May 2026","29 May 2026",26,"35658.00","0.00","-10921.62","24736.38","0.00","0.00","COMPLETED","924020029457105","IDFB6149M6709929","Non-Wallet"
"18 May 2026 - 20 May 2026","6a0e089116a1247367d8f1bc","25 May 2026","26 May 2026",20,"27146.00","0.00","-7274.16","19871.84","0.00","0.00","COMPLETED","924020029457105","IDFB6146M6028770","Non-Wallet"
"14 May 2026 - 17 May 2026","6a0a214605616a9f17bea44c","21 May 2026","22 May 2026",28,"34995.00","0.00","-7508.96","27486.04","0.00","0.00","COMPLETED","924020029457105","IDFB6142M5362217","Non-Wallet"
"11 May 2026 - 13 May 2026","6a04d8f64ca5d8e7a19fbdf6","18 May 2026","18 May 2026",18,"24002.00","0.00","-4696.58","19305.42","0.00","0.00","COMPLETED","924020029457105","HDFCH01004097749","Non-Wallet"
"07 May 2026 - 10 May 2026","6a00e7eee54af194f52216de","14 May 2026","15 May 2026",19,"21258.00","0.00","-5892.35","15365.65","0.00","0.00","COMPLETED","924020029457105","HDFCH00999065647","Non-Wallet"
"04 May 2026 - 06 May 2026","69fba1cf1fe1f308d394ea51","11 May 2026","12 May 2026",12,"15588.00","0.00","-2965.70","12622.30","0.00","0.00","COMPLETED","924020029457105","HDFCH00991009507","Non-Wallet"
"30 Apr 2026 - 03 May 2026","69f79811eb2781fc18195275","07 May 2026","08 May 2026",9,"12444.00","0.00","-4088.15","8355.85","0.00","0.00","COMPLETED","924020029457105","HDFCH00984732404","Non-Wallet"
"27 Apr 2026 - 29 Apr 2026","69f2528d9173d705bb2b1447","04 May 2026","05 May 2026",6,"7296.00","0.00","-2342.42","4953.58","0.00","0.00","COMPLETED","924020029457105","HDFCH00973473360","Non-Wallet"
"23 Apr 2026 - 26 Apr 2026","69ee5d7c3e01b8d41a6c4380","30 Apr 2026","02 May 2026",6,"7814.00","0.00","-6063.76","1750.24","0.00","0.00","COMPLETED","924020029457105","HDFCH00965780642","Non-Wallet"
"20 Apr 2026 - 22 Apr 2026","69e917a87400b1d2842efee1","27 Apr 2026","28 Apr 2026",14,"17536.00","0.00","-5549.81","11986.19","0.00","0.00","COMPLETED","924020029457105","HDFCH00959505285","Non-Wallet"
"16 Apr 2026 - 19 Apr 2026","69e5235be2c12a042549969d","23 Apr 2026","24 Apr 2026",15,"18115.00","0.00","-3699.07","14415.93","0.00","0.00","COMPLETED","924020029457105","HDFCH00952200622","Non-Wallet"
"13 Apr 2026 - 15 Apr 2026","69dfdd09c96622f5dc284902","20 Apr 2026","21 Apr 2026",3,"3897.00","0.00","-998.74","2898.26","0.00","0.00","COMPLETED","924020029457105","HDFCH00947217203","Non-Wallet"
"09 Apr 2026 - 12 Apr 2026","69dbe909bc4221812c77d07f","16 Apr 2026","17 Apr 2026",3,"3897.00","0.00","-1950.21","2267.35","0.00","0.00","COMPLETED","924020029457105","HDFCH00939165954","Non-Wallet"
"06 Apr 2026 - 08 Apr 2026","69d6a27d6cc492e742f500db","13 Apr 2026","14 Apr 2026",12,"14028.00","0.00","-4808.72","14028.00","320.56","0.00","COMPLETED","924020029457105","HDFCH00932692387","Non-Wallet"
"02 Apr 2026 - 05 Apr 2026","69d2ae7fcd43ba536c2c256a","09 Apr 2026","10 Apr 2026",12,"14018.00","0.00","4889.14","14018.00","5129.28","0.00","COMPLETED","924020029457105","HDFCH00926621145","Non-Wallet"
"30 Mar 2026 - 01 Apr 2026","69cd67dec510fe1b9be33379","06 Apr 2026","07 Apr 2026",2,"2398.00","0.00","240.14","2398.00","240.14","0.00","COMPLETED","924020029457105","HDFCH00915365994","Non-Wallet"
"26 Mar 2026 - 29 Mar 2026","69c974ca197f430488d87148","02 Apr 2026","03 Apr 2026",10,"11630.00","0.00","-640.13","10989.87","0.00","0.00","COMPLETED","924020029457105","HDFCH00907271525","Non-Wallet"
"23 Mar 2026 - 25 Mar 2026","69c42d2440ed1e622a17fecd","30 Mar 2026","31 Mar 2026",13,"16189.00","0.00","-3730.82","12458.18","0.00","0.00","COMPLETED","924020029457105","HDFCH00899083374","Non-Wallet"
"19 Mar 2026 - 22 Mar 2026","69c039a8116c4e372d99b309","26 Mar 2026","27 Mar 2026",6,"6974.00","0.00","-4448.78","2525.22","0.00","0.00","COMPLETED","924020029457105","HDFCH00890091576","Non-Wallet"
"16 Mar 2026 - 18 Mar 2026","69baf2fae54b442dc4080801","23 Mar 2026","24 Mar 2026",4,"5096.00","0.00","-76.62","5019.38","0.00","0.00","COMPLETED","924020029457105","HDFCH00883646043","Non-Wallet"
"12 Mar 2026 - 15 Mar 2026","69b6ff464ff5b4dae21b8989","19 Mar 2026","20 Mar 2026",9,"11543.00","0.00","-2668.76","8874.24","0.00","0.00","COMPLETED","924020029457105","HDFCH00876426260","Non-Wallet"
"09 Mar 2026 - 11 Mar 2026","69b1b9053f7f33ba1a699f92","16 Mar 2026","17 Mar 2026",7,"8545.00","0.00","-3211.42","5333.58","0.00","0.00","COMPLETED","924020029457105","HDFCH00871461677","Non-Wallet"
"05 Mar 2026 - 08 Mar 2026","69adc29fe261b46c6c1c7b54","12 Mar 2026","13 Mar 2026",8,"8795.00","0.00","-3818.36","4976.64","0.00","0.00","COMPLETED","924020029457105","HDFCH00865440909","Non-Wallet"
"02 Mar 2026 - 04 Mar 2026","69a87c10f7b55108be3f341a","09 Mar 2026","10 Mar 2026",15,"18135.00","0.00","-4238.35","13896.65","0.00","0.00","COMPLETED","924020029457105","HDFCH00856828813","Non-Wallet"
"26 Feb 2026 - 01 Mar 2026","69a4f804f7b55108be3f1aa0","05 Mar 2026","06 Mar 2026",4,"5746.00","0.00","-1321.99","4424.01","0.00","0.00","COMPLETED","924020029457105","HDFCH00845766054","Non-Wallet"
"23 Feb 2026 - 25 Feb 2026","699f420843a971bc2133db3a","02 Mar 2026","03 Mar 2026",6,"7494.00","0.00","-2733.69","4760.31","0.00","0.00","COMPLETED","924020029457105","HDFCH00837329554","Non-Wallet"
"19 Feb 2026 - 22 Feb 2026","699b4e3c5fe7eeeda04c3f2e","26 Feb 2026","27 Feb 2026",6,"6944.00","0.00","-2641.61","4302.39","0.00","0.00","COMPLETED","924020029457105","HDFCH00827396064","Non-Wallet"
"16 Feb 2026 - 18 Feb 2026","6996078d8b2e16fe6252fdf2","23 Feb 2026","24 Feb 2026",7,"8743.00","0.00","-2018.06","6724.94","0.00","0.00","COMPLETED","924020029457105","HDFCH00821476537","Non-Wallet"
"12 Feb 2026 - 15 Feb 2026","6992134eba204bec51fc4aaf","19 Feb 2026","20 Feb 2026",11,"14391.00","0.00","-2892.72","11498.28","0.00","0.00","COMPLETED","924020029457105","HDFCH00815208611","Non-Wallet"
"09 Feb 2026 - 11 Feb 2026","698cccfd5fe7eeeda04bc57a","16 Feb 2026","17 Feb 2026",3,"3497.00","0.00","-1147.03","2349.97","0.00","0.00","COMPLETED","924020029457105","HDFCH00809644923","Non-Wallet"
"05 Feb 2026 - 08 Feb 2026","6988d8c55226dd672b6bb75f","12 Feb 2026","14 Feb 2026",6,"7496.00","0.00","-1702.19","5793.81","0.00","0.00","COMPLETED","924020029457105","HDFCH00803208756","Non-Wallet"
"02 Feb 2026 - 04 Feb 2026","698392c18c74e8b84b8a7cc4","09 Feb 2026","10 Feb 2026",8,"9952.00","0.00","-4227.64","5724.36","0.00","0.00","COMPLETED","924020029457105","HDFCH00795696936","Non-Wallet"
"29 Jan 2026 - 01 Feb 2026","697f9de65fd14d4a642f22ff","05 Feb 2026","06 Feb 2026",5,"5595.00","0.00","-1610.12","3984.88","0.00","0.00","COMPLETED","924020029457105","HDFCH00785056743","Non-Wallet"
"26 Jan 2026 - 28 Jan 2026","697a57b20c5573531701c6c4","02 Feb 2026","03 Feb 2026",7,"8592.00","0.00","-1704.96","6887.04","0.00","0.00","COMPLETED","924020029457105","HDFCH00774869635","Non-Wallet"
"22 Jan 2026 - 25 Jan 2026","697663970739b8acc21b830a","29 Jan 2026","30 Jan 2026",11,"13189.00","0.00","-2258.47","11086.53","0.00","0.00","COMPLETED","924020029457105","HDFCH00766385876","Non-Wallet"
"19 Jan 2026 - 21 Jan 2026","69711cf43c2a81f1d4282485","26 Jan 2026","28 Jan 2026",1,"1749.00","0.00","156.00","1749.00","156.00","0.00","COMPLETED","924020029457105","HDFCH00761004106","Non-Wallet"
"15 Jan 2026 - 18 Jan 2026","696d292401a74e14a6a5726a","22 Jan 2026","23 Jan 2026",2,"2598.00","0.00","-408.14","753.78","0.00","0.00","COMPLETED","924020029457105","HDFCH00755551364","Non-Wallet"
"12 Jan 2026 - 14 Jan 2026","6967e2b4ef18d9e8bb118904","19 Jan 2026","14 Jan 2026",0,"0.00","0.00","-1436.08","0.00","-1436.08","0.00","COMPLETED","924020029457105","-","Non-Wallet"
"08 Jan 2026 - 11 Jan 2026","6963eecdae9473350fc1b1ee","15 Jan 2026","16 Jan 2026",2,"2148.00","0.00","-813.32","1327.33","0.00","0.00","COMPLETED","924020029457105","HDFCH00744172425","Non-Wallet"
"05 Jan 2026 - 07 Jan 2026","695ea80f0658bb016f26e006","12 Jan 2026","07 Jan 2026",2,"2248.00","0.00","-922.75","0.00","-7.35","0.00","COMPLETED","924020029457105","-","Non-Wallet"
"01 Jan 2026 - 04 Jan 2026","695ab4319abcef6ca5868cc9","08 Jan 2026","04 Jan 2026",2,"2748.00","0.00","-2659.72","0.00","-1332.60","0.00","COMPLETED","924020029457105","-","Non-Wallet"
"29 Dec 2025 - 31 Dec 2025","69557113a4ae56fecb38f777","05 Jan 2026","31 Dec 2025",1,"1499.00","0.00","-2919.88","0.00","-1420.88","0.00","COMPLETED","924020029457105","-","Non-Wallet"
"25 Dec 2025 - 28 Dec 2025","69517a67ece3a290fd9b1cda","01 Jan 2026","02 Jan 2026",6,"8994.00","0.00","-3725.36","2416.44","0.00","0.00","COMPLETED","924020029457105","HDFCH00710320617","Non-Wallet"
"22 Dec 2025 - 24 Dec 2025","694c346d833d8a23a8db8e1c","29 Dec 2025","24 Dec 2025",0,"0.00","0.00","-2011.87","0.00","-2852.20","0.00","COMPLETED","924020029457105","-","Non-Wallet"
"18 Dec 2025 - 21 Dec 2025","6948b543bb757b12a9f295c8","25 Dec 2025","22 Dec 2025",2,"2051.00","0.00","-2194.42","0.00","-840.33","0.00","COMPLETED","924020029457105","-","Non-Wallet"
"15 Dec 2025 - 17 Dec 2025","6942f84dac4e041ffc0fd3c3","22 Dec 2025","17 Dec 2025",1,"1749.00","0.00","-2445.91","0.00","-696.91","0.00","COMPLETED","924020029457105","-","Non-Wallet"
"11 Dec 2025 - 14 Dec 2025","693f04d4c1e9b5d9108a014f","18 Dec 2025","19 Dec 2025",3,"3247.00","0.00","-811.75","2435.25","0.00","0.00","COMPLETED","924020029457105","HDFCH00683693140","Non-Wallet"
"08 Dec 2025 - 10 Dec 2025","6939be489661fb0e19c10da7","15 Dec 2025","16 Dec 2025",5,"4995.00","0.00","-1857.30","3137.70","0.00","0.00","COMPLETED","924020029457105","HDFCH00678890659","Non-Wallet"
"04 Dec 2025 - 07 Dec 2025","6935d049a8c644f431deea51","11 Dec 2025","12 Dec 2025",10,"10240.00","0.00","-1868.77","7486.87","0.00","0.00","COMPLETED","924020029457105","HDFCH00671920100","Non-Wallet"
"01 Dec 2025 - 03 Dec 2025","6930870b39e52fe23e9e1ce7","08 Dec 2025","03 Dec 2025",1,"999.00","0.00","-1883.36","0.00","-884.36","0.00","COMPLETED","924020029457105","-","Non-Wallet"
"27 Nov 2025 - 30 Nov 2025","692c9a18c03ccf4b6991f923","04 Dec 2025","05 Dec 2025",2,"2748.00","0.00","-1089.36","1658.64","0.00","0.00","COMPLETED","924020029457105","HDFCH00653397197","Non-Wallet"
"24 Nov 2025 - 26 Nov 2025","69274b903d59b4021f8cdfe1","01 Dec 2025","02 Dec 2025",7,"6652.00","0.00","-2478.57","4173.43","0.00","0.00","COMPLETED","924020029457105","HDFCH00645716752","Non-Wallet"
"20 Nov 2025 - 23 Nov 2025","6923590d389026447282b80e","27 Nov 2025","28 Nov 2025",1,"649.00","0.00","-421.06","227.94","0.00","0.00","COMPLETED","924020029457105","HDFCH00638089624","Non-Wallet"
"17 Nov 2025 - 19 Nov 2025","691e11b24c822344306feb18","24 Nov 2025","25 Nov 2025",1,"999.00","0.00","-198.36","800.64","0.00","0.00","COMPLETED","924020029457105","HDFCH00630659145","Non-Wallet"
"13 Nov 2025 - 16 Nov 2025","691a1fd4e18e5ef269b9a71f","20 Nov 2025","21 Nov 2025",4,"3896.00","0.00","-1637.03","2258.97","0.00","0.00","COMPLETED","924020029457105","HDFCN52025112109605605","Non-Wallet"
"10 Nov 2025 - 12 Nov 2025","6914d753c62baa48048060bb","17 Nov 2025","18 Nov 2025",2,"2298.00","0.00","-542.34","1755.66","0.00","0.00","COMPLETED","924020029457105","HDFCN52025111804056614","Non-Wallet"
"06 Nov 2025 - 09 Nov 2025","6910e2d54034106cb02be52e","13 Nov 2025","14 Nov 2025",1,"1649.00","0.00","-969.60","679.40","0.00","0.00","COMPLETED","924020029457105","HDFCN52025111498513202","Non-Wallet"
"03 Nov 2025 - 05 Nov 2025","690b9c50d80d4af8816d2ab6","10 Nov 2025","11 Nov 2025",1,"1499.00","0.00","-748.06","750.94","0.00","0.00","COMPLETED","924020029457105","HDFCN52025111089793014","Non-Wallet"
"30 Oct 2025 - 02 Nov 2025","6907a89495fef26a9d07fd23","06 Nov 2025","07 Nov 2025",9,"9291.00","0.00","-2104.86","7186.14","0.00","0.00","COMPLETED","924020029457105","HDFCN52025110781979275","Non-Wallet"
"27 Oct 2025 - 29 Oct 2025","69026156764883576c0cc2b5","03 Nov 2025","04 Nov 2025",5,"5465.00","0.00","-1596.98","3868.02","0.00","0.00","COMPLETED","924020029457105","HDFCN52025110474041449","Non-Wallet"
"23 Oct 2025 - 26 Oct 2025","68fe6d60ba9f4e469bb326b9","30 Oct 2025","31 Oct 2025",2,"1948.00","0.00","-273.95","1674.05","0.00","0.00","COMPLETED","-","HDFCN52025103164224232","Non-Wallet"