transaction_entity,entity_id,amount,currency,fee (exclusive tax),tax,debit,credit,payment_method,upi_flow,card_type,issuer_name,entity_created_at,payment_captured_at,payment_notes,refund_notes,arn,entity_description,order_id,order_receipt,order_notes,dispute_id,dispute_created_at,dispute_reason,settlement_id,settled_at,settlement_utr,settled_by,additional_utr
payment,pay_SXLAfQUx8DfxyA,1149.00,INR,2.30,0.42,0,1146.28,upi,,,,30/03/2026 12:07:30,30/03/2026 12:07:01,"{""address"":""3rd Floor, Urban Ladder, Domlur Layout, Bengaluru""}",,,"",order_SXLAUUU2pKbC8X,69ca19f47f813b92bb5ec725,[],,"",,setl_SZL00zoIWcng0C,04/04/2026 13:15:47,CB0124413146,Razorpay,CB0124413146
payment,pay_SYgVL3Ymerahjc,1149.00,INR,2.30,0.42,0,1146.28,upi,,,,02/04/2026 21:38:31,02/04/2026 21:38:30,"{""address"":""3rd Floor, Urban Ladder, Domlur Layout, Bengaluru""}",,,"",order_SYgV80wWwUar8U,69ce944ee4e0878952320bcc,[],,"",,setl_Sa85LoCkHWHyNs,06/04/2026 13:19:07,CB0124733279,Razorpay,CB0124733279
payment,pay_SYejIbl0I0hAb2,1149.00,INR,2.30,0.42,0,1146.28,upi,,,,02/04/2026 19:54:06,02/04/2026 19:54:06,"{""address"":""3rd Floor, Urban Ladder, Domlur Layout, Bengaluru""}",,,"",order_SYej8khkpFL9EO,69ce7be667f42786a81e09d5,[],,"",,setl_Sa85LoCkHWHyNs,06/04/2026 13:19:07,CB0124733279,Razorpay,CB0124733279
payment,pay_SZI5yjQDGXLP34,1149.00,INR,2.30,0.42,0,1146.28,upi,,,,04/04/2026 10:24:41,04/04/2026 10:24:41,"{""address"":""3rd Floor, Urban Ladder, Domlur Layout, Bengaluru""}",,,"",order_SZI5iHDXHOS8bP,69d099681724d4697a258cfe,[],,"",,setl_SaWVFnANBiIjZV,07/04/2026 13:09:51,CB0124912414,Razorpay,CB0124912414
payment,pay_SZP7XlExTU7lKg,7100.00,INR,142.00,25.56,0,6932.44,upi,,,,04/04/2026 17:16:48,04/04/2026 17:16:48,[],,,#SZP5XHAe4TUwkC,order_SZP5sNbSE8c6It,"",[],,"",,setl_SaWVFnANBiIjZV,07/04/2026 13:09:51,CB0124912414,Razorpay,CB0124912414
payment,pay_SZKB6Te4GJYtDC,4996.00,INR,10.00,1.80,0,4984.20,upi,,,,04/04/2026 12:26:58,04/04/2026 12:26:58,"{""address"":""3rd Floor, Urban Ladder, Domlur Layout, Bengaluru""}",,,"",order_SZKAxAMrinszJl,69d0b614b8a9daa8c79c8c9d,[],,"",,setl_SaWVFnANBiIjZV,07/04/2026 13:09:51,CB0124912414,Razorpay,CB0124912414
payment,pay_SdkV240YAiNYm2,1149.00,INR,24.71,4.44,0,1119.85,upi,,,,15/04/2026 16:47:40,15/04/2026 16:47:39,"{""address"":""3rd Floor, Urban Ladder, Domlur Layout, Bengaluru""}",,,"",order_SdkUuROQmDKHLH,69df73bcb73540627b8899de,[],,"",,setl_SeTtlTPksA8JXH,17/04/2026 13:14:24,CB0126478626,Razorpay,CB0126478626
payment,pay_Secg4c6U1JuBsM,5557.00,INR,98.92,17.80,0,5440.28,card,,credit,ICIC,17/04/2026 21:47:32,17/04/2026 21:47:31,"{""address"":""3rd Floor, Urban Ladder, Domlur Layout, Bengaluru""}",,,,order_Sece35tJSjVude,69e25c9b693974a7f6dfad58,[],,"",,setl_SffS2fM4yPGEyP,20/04/2026 13:09:46,CB0126933522,Razorpay,CB0126933522
payment,pay_Ser3CYbys4TJnQ,889.00,INR,1.78,0.32,0,886.90,upi,,,,18/04/2026 11:51:24,18/04/2026 11:51:23,"{""address"":""3rd Floor, Urban Ladder, Domlur Layout, Bengaluru""}",,,"",order_Ser34UU2Eh2iN0,69e322be105c8119356e8b8e,[],,"",,setl_Sg43BIfykB9MaV,21/04/2026 13:16:14,CB0127070330,Razorpay,CB0127070330
payment,pay_Seo7sVbzk2FaMt,1149.00,INR,2.30,0.42,0,1146.28,upi,,,,18/04/2026 08:59:31,18/04/2026 08:59:30,"{""address"":""3rd Floor, Urban Ladder, Domlur Layout, Bengaluru""}",,,"",order_Seo7fOwW7cxOlc,69e2fa7fec8fae4da1433409,[],,"",,setl_Sg43BIfykB9MaV,21/04/2026 13:16:14,CB0127070330,Razorpay,CB0127070330
payment,pay_SfoVmfRAZOG3n5,1159.00,INR,2.32,0.42,0,1156.26,upi,,,,20/04/2026 22:01:32,20/04/2026 22:01:32,"{""address"":""3rd Floor, Urban Ladder, Domlur Layout, Bengaluru""}",,,"",order_SfoVeZSi0Ge8IB,69e654b51af1e46fb7850777,[],,"",,setl_SgSWfuPPteIF46,22/04/2026 13:11:07,CB0127212445,Razorpay,CB0127212445
refund,rfnd_SgP5ggFerq4b0D,1159.00,INR,11.99,2.16,1173.15,0,upi,,,,22/04/2026 09:47:52,20/04/2026 22:01:32,"{""address"":""3rd Floor, Urban Ladder, Domlur Layout, Bengaluru""}","{""product"":""nushop""}",823112401126,"",order_SfoVeZSi0Ge8IB,69e654b51af1e46fb7850777,[],,"",,setl_SgSWfuPPteIF46,22/04/2026 13:11:07,CB0127212445,Razorpay,CB0127212445
payment,pay_SfVMqDFD1BObDF,1049.00,INR,18.68,0,0,1030.32,card,,credit,ICIC,20/04/2026 03:17:44,20/04/2026 03:17:43,"{""address"":""3rd Floor, Urban Ladder, Domlur Layout, Bengaluru""}",,,,order_SfVLxCUw7OHFnf,69e54d2f242208986c5969b6,[],,"",,setl_SgSWfuPPteIF46,22/04/2026 13:11:07,CB0127212445,Razorpay,CB0127212445
payment,pay_SfXWmET1l9lfRg,2508.00,INR,5.02,0.90,0,2502.08,upi,,,,20/04/2026 05:24:16,20/04/2026 05:24:16,"{""address"":""3rd Floor, Urban Ladder, Domlur Layout, Bengaluru""}",,,"",order_SfXWiqy4WKFW3q,69e56b16242208986c599b96,[],,"",,setl_SgSWfuPPteIF46,22/04/2026 13:11:07,CB0127212445,Razorpay,CB0127212445
payment,pay_SfXUxDPOZtJ6kL,1149.00,INR,2.30,0.42,0,1146.28,upi,,,,20/04/2026 05:22:40,20/04/2026 05:22:40,"{""address"":""3rd Floor, Urban Ladder, Domlur Layout, Bengaluru""}",,,"",order_SfXUqJ5u2RiAi9,69e56aac3aa282ffeb5fe979,[],,"",,setl_SgSWfuPPteIF46,22/04/2026 13:11:07,CB0127212445,Razorpay,CB0127212445
payment,pay_SgS6xPmyYHvtMI,1149.00,INR,2.30,0.42,0,1146.28,upi,,,,22/04/2026 12:45:18,22/04/2026 12:45:18,"{""address"":""3rd Floor, Urban Ladder, Domlur Layout, Bengaluru""}",,,"",order_SgS6u9KbfqBn2S,69e875785084931db8e5c63a,[],,"",,setl_ShFaeZ5nmFf5yE,24/04/2026 13:11:11,CB0127481001,Razorpay,CB0127481001
payment,pay_SgLoqatQdIzb65,1549.00,INR,3.10,0.56,0,1545.34,upi,,,,22/04/2026 06:36:37,22/04/2026 06:36:10,"{""address"":""3rd Floor, Urban Ladder, Domlur Layout, Bengaluru""}",,,"",order_SgLojOzh1ra7j1,69e81ee45084931db8e46dfd,[],,"",,setl_ShFaeZ5nmFf5yE,24/04/2026 13:11:11,CB0127481001,Razorpay,CB0127481001
payment,pay_SgxR24FZOQgOca,969.00,INR,1.94,0.34,0,966.72,upi,,,,23/04/2026 19:23:57,23/04/2026 19:23:56,"{""address"":""3rd Floor, Urban Ladder, Domlur Layout, Bengaluru""}",,,"",order_SgxQuUg6RATwvk,69ea245bf4478b904750846f,[],,"",,setl_SiRAMT6GYP7vB2,27/04/2026 13:11:29,CB0127812492,Razorpay,CB0127812492
payment,pay_Sh1qc5vCQ2J6YW,1159.00,INR,23.18,4.18,0,1131.64,upi,,,,23/04/2026 23:42:58,23/04/2026 23:42:58,[],,,#Sh1SDKcDkAWtYk,order_Sh1TCFbU78BGp0,"",[],,"",,setl_SiRAMT6GYP7vB2,27/04/2026 13:11:29,CB0127812492,Razorpay,CB0127812492
payment,pay_ShjHYX4hNAtNah,1149.00,INR,2.30,0.42,0,1146.28,upi,,,,25/04/2026 18:12:15,25/04/2026 18:12:15,"{""address"":""3rd Floor, Urban Ladder, Domlur Layout, Bengaluru""}",,,"",order_ShjHQ354HY5jl3,69ecb68d3750fda4694e3d37,[],,"",,setl_Sipq3m3HIXUrKt,28/04/2026 13:31:31,CB0127967420,Razorpay,CB0127967420
payment,pay_Si4WVSeueB1Kd6,1450.00,INR,2.90,0.52,0,1446.58,upi,,,,26/04/2026 14:58:53,26/04/2026 14:58:52,"{""address"":""3rd Floor, Urban Ladder, Domlur Layout, Bengaluru""}",,,"",order_Si4WMKJQCQQ8KW,69eddabf386eacdf41a98b80,[],,"",,setl_Sipq3m3HIXUrKt,28/04/2026 13:31:31,CB0127967420,Razorpay,CB0127967420
payment,pay_ShU0uue9m9ZvD7,99.00,INR,0.20,0.04,0,98.76,upi,,,,25/04/2026 03:16:35,25/04/2026 03:16:35,"{""address"":""3rd Floor, Urban Ladder, Domlur Layout, Bengaluru""}",,,"",order_ShU0XcZCsv1K8I,69ebe47604460a96b022fb00,[],,"",,setl_Sipq3m3HIXUrKt,28/04/2026 13:31:31,CB0127967420,Razorpay,CB0127967420
payment,pay_Si3PKSMgWNnIlM,99.00,INR,0.20,0.04,0,98.76,upi,,,,26/04/2026 13:53:26,26/04/2026 13:53:25,"{""address"":""3rd Floor, Urban Ladder, Domlur Layout, Bengaluru""}",,,"",order_Si3OxANexfp1OV,69edcb59c216bbb3e28887fd,[],,"",,setl_Sipq3m3HIXUrKt,28/04/2026 13:31:31,CB0127967420,Razorpay,CB0127967420
payment,pay_Si12oYM38TjJco,1149.00,INR,2.30,0.42,0,1146.28,upi,,,,26/04/2026 11:35:03,26/04/2026 11:35:03,"{""address"":""3rd Floor, Urban Ladder, Domlur Layout, Bengaluru""}",,,"",order_Si12bTIrrp2Ok6,69edaae105f07d391b9e7b6a,[],,"",,setl_Sipq3m3HIXUrKt,28/04/2026 13:31:31,CB0127967420,Razorpay,CB0127967420
payment,pay_ShINeIFao0CXoi,889.00,INR,1.78,0.32,0,886.90,upi,,,,24/04/2026 15:53:29,24/04/2026 15:53:28,"{""address"":""3rd Floor, Urban Ladder, Domlur Layout, Bengaluru""}",,,"",order_ShINVups3XwmfM,69eb447c737ea5f3c2027271,[],,"",,setl_Sipq3m3HIXUrKt,28/04/2026 13:31:31,CB0127967420,Razorpay,CB0127967420
payment,pay_Sip31JiPAV17OW,3557.00,INR,7.12,1.28,0,3548.60,upi,,,,28/04/2026 12:29:38,28/04/2026 12:29:37,"{""address"":""3rd Floor, Urban Ladder, Domlur Layout, Bengaluru""}",,,"",order_Sip2s1fHmhM4El,69f05ac0d123ab3a001c8389,[],,"",,setl_SjcnAWgVadqakS,30/04/2026 13:12:27,CB0128340801,Razorpay,CB0128340801
