Document Creation Date,Document Type,Invoice/CN No.,Order ID,Order State,Customer State,Product Name,HSN Code,Product Type,Base Price,Tax,IGST,CGST,SGST,SKU ID,Product Code,Quantity,Selling Price
30-04-2026,INVOICE,27-80DFR-0000155,NS03770018ED4A975B,CREATED,Tamil Nadu,Premium White Satin Stripes Cushion Set (Pack of 5) – 16x16 Inches,93041990.0,others_68c015dd317e68f10e190e4c__others__cushions,863.11,3,25.89,-,-,TLS-CSH-WHSTRP-5C-16,TLS-CSH-WHSTRP-5C-16,1,889.00
30-04-2026,INVOICE,27-80DFR-0000154,NS06F856CC701ACBE0,PACKED,Andhra Pradesh,Aqua Blue Bedsheet Set-with Pillow Covers,,home__home_improvement__utility,818.10,5,40.90,-,-,KD-BD-AB-QDB-02,KD-BD-AB-QDB-02,1,859.00
30-04-2026,INVOICE,27-80DFR-0000153,NS0409EDF7577B8524,DISPATCHED,Manipur,Pure Cotton Rajwada Patchwork Print King Size Bedsheet,,home__home_improvement__utility,1189.52,5,59.48,-,-,KD-RJ-RJP-KDB,KD-RJ-RJP-KDB,1,1249.00
30-04-2026,INVOICE,27-80DFR-0000152,NS0C22AD8304B41A8D,DISPATCHED,Uttarakhand,Sunny Daisy Yellow Bedding Set- with cushions,,home__home_furnishing__bed_linen,1512.38,5,75.62,-,-,KD-FK-YLW-5PC-KING-DAISY,KD-FK-YLW-5PC-KING-DAISY,1,1588.00
30-04-2026,INVOICE,27-80DFR-0000152,NS1C22AD8304B41A8D,DISPATCHED,Uttarakhand,Pink Polka Dots Bedsheet Set with 2 cushions & 2 pillow covers- 180 GSM Cotton Blend,,home__home_improvement__utility,915.24,5,45.76,-,-,TLS-BB-PPP-QDB,TLS-BB-PPP-QDB,1,961.00
30-04-2026,INVOICE,27-80DFR-0000151,NS057B8506E7370B5F,DISPATCHED,Uttar Pradesh,Pure Cotton Rajwada Patchwork Print King Size Bedsheet,,home__home_improvement__utility,1189.52,5,59.48,-,-,KD-RJ-RJP-KDB,KD-RJ-RJP-KDB,1,1249.00
29-04-2026,INVOICE,27-80DFR-0000150,NS0DFEC39D473572B1,DISPATCHED,Telangana,Pure Cotton Rajwada Patchwork Print King Size Bedsheet,,home__home_improvement__utility,1189.52,5,59.48,-,-,KD-RJ-RJP-KDB,KD-RJ-RJP-KDB,1,1249.00
29-04-2026,INVOICE,27-80DFR-0000149,NS0CB5AC961B98D973,PACKED,Uttar Pradesh,Sunny Daisy Yellow Bedding Set- with cushions,,home__home_furnishing__bed_linen,1571.43,5,78.57,-,-,KD-FK-YLW-5PC-KING-DAISY,KD-FK-YLW-5PC-KING-DAISY,1,1650.00
29-04-2026,INVOICE,27-80DFR-0000148,NS022FED336EC21CCF,DISPATCHED,Haryana,Sunny Daisy Yellow Bedding Set- with cushions,,home__home_furnishing__bed_linen,1304.76,5,-,32.62,32.62,KD-FK-YLW-5PC-KING-DAISY,KD-FK-YLW-5PC-KING-DAISY,1,1370.00
29-04-2026,INVOICE,27-80DFR-0000147,NS03D1A0A04D2FB180,DISPATCHED,Delhi,Pure Cotton Rajwada Patchwork Print King Size Bedsheet,,home__home_improvement__utility,1189.52,5,59.48,-,-,KD-RJ-RJP-KDB,KD-RJ-RJP-KDB,1,1249.00
28-04-2026,INVOICE,27-80DFR-0000146,NS074F48A8A0A6C71F,DISPATCHED,Haryana,Sunny Daisy Yellow Bedding Set- with cushions,,home__home_furnishing__bed_linen,1571.43,5,-,39.29,39.29,KD-FK-YLW-5PC-KING-DAISY,KD-FK-YLW-5PC-KING-DAISY,1,1650.00
28-04-2026,INVOICE,27-80DFR-0000145,NS08D03EDC23764638,DISPATCHED,Goa,Sunny Daisy Yellow Bedding Set- with cushions,,home__home_furnishing__bed_linen,1571.43,5,78.57,-,-,KD-FK-YLW-5PC-KING-DAISY,KD-FK-YLW-5PC-KING-DAISY,1,1650.00
28-04-2026,INVOICE,27-80DFR-0000144,NS06A89B9B62BB8FEC,DISPATCHED,Arunachal Pradesh,Pure Cotton Rajwada Patchwork Print King Size Bedsheet,,home__home_improvement__utility,1189.52,5,59.48,-,-,KD-RJ-RJP-KDB,KD-RJ-RJP-KDB,1,1249.00
28-04-2026,INVOICE,27-80DFR-0000143,NS226232E667A8EE9D,DISPATCHED,Kerala,Serene Blue (Lotus) Pure Cotton King Size Bedsheet Set,,home__home_improvement__utility,1126.67,5,56.33,-,-,KD-RJ-SBL-KDB,KD-RJ-SBL-KDB,1,1183.00
28-04-2026,INVOICE,27-80DFR-0000143,NS126232E667A8EE9D,DISPATCHED,Kerala,Sage Green Lotus Pure Cotton Bedsheet Set - King size Bedsheet & 2 Pillow Covers,,home__home_improvement__utility,1134.29,5,56.71,-,-,KD-RJ-SGL-KDB,KD-RJ-SGL-KDB,1,1191.00
28-04-2026,INVOICE,27-80DFR-0000143,NS026232E667A8EE9D,DISPATCHED,Kerala,Pure Cotton Rajwada Patchwork Print King Size Bedsheet,,home__home_improvement__utility,1126.67,5,56.33,-,-,KD-RJ-RJP-KDB,KD-RJ-RJP-KDB,1,1183.00
28-04-2026,INVOICE,27-80DFR-0000142,NS035A59E065FCC4C1,DISPATCHED,Meghalaya,Pure Cotton Rajwada Patchwork Print King Size Bedsheet,,home__home_improvement__utility,1189.52,5,59.48,-,-,KD-RJ-RJP-KDB,KD-RJ-RJP-KDB,1,1249.00
28-04-2026,INVOICE,27-80DFR-0000141,NS01EE01125DBAAE87,DISPATCHED,Karnataka,Sunny Daisy Yellow Bedding Set- with cushions,,home__home_furnishing__bed_linen,1571.43,5,78.57,-,-,KD-FK-YLW-5PC-KING-DAISY,KD-FK-YLW-5PC-KING-DAISY,1,1650.00
27-04-2026,INVOICE,27-80DFR-0000140,NS0F34AE7D14CC329C,CANCEL_INITIATED,Chhattisgarh,Pure Cotton Rajwada Patchwork Print King Size Bedsheet,,home__home_improvement__utility,1189.52,5,59.48,-,-,KD-RJ-RJP-KDB,KD-RJ-RJP-KDB,1,1249.00
27-04-2026,INVOICE,27-80DFR-0000139,NS01FF91B27E605EB4,DELIVERED,Delhi,Pure Cotton Rajwada Patchwork Print King Size Bedsheet,,home__home_improvement__utility,1189.52,5,59.48,-,-,KD-RJ-RJP-KDB,KD-RJ-RJP-KDB,1,1249.00
27-04-2026,INVOICE,27-80DFR-0000138,NS0C47628FA540265F,DISPATCHED,Delhi,Pure Cotton Rajwada Patchwork Print King Size Bedsheet,,home__home_improvement__utility,1189.52,5,59.48,-,-,KD-RJ-RJP-KDB,KD-RJ-RJP-KDB,1,1249.00
27-04-2026,INVOICE,27-80DFR-0000138,NS0CEBFD8EC2DB21C8,DISPATCHED,Delhi,Navy Blue Floral Bedsheet Set,,home__home_improvement__utility,903.81,5,45.19,-,-,KD-BD-NB-QDB-05,KD-BD-NB-QDB-05,1,949.00
27-04-2026,INVOICE,27-80DFR-0000138,NS0D882F847DB5FCDE,DISPATCHED,Delhi,Blue Paisley Bedsheet Set with 2 cushions,,home__home_improvement__utility,941.90,5,47.10,-,-,TLS-BB-BPS-QDB,TLS-BB-BPS-QDB,1,989.00
27-04-2026,INVOICE,27-80DFR-0000137,NS0C47628FA540265F,DISPATCHED,Delhi,Pure Cotton Rajwada Patchwork Print King Size Bedsheet,,home__home_improvement__utility,1189.52,5,59.48,-,-,KD-RJ-RJP-KDB,KD-RJ-RJP-KDB,1,1249.00
27-04-2026,INVOICE,27-80DFR-0000137,NS0D882F847DB5FCDE,DISPATCHED,Delhi,Blue Paisley Bedsheet Set with 2 cushions,,home__home_improvement__utility,941.90,5,47.10,-,-,TLS-BB-BPS-QDB,TLS-BB-BPS-QDB,1,989.00
27-04-2026,INVOICE,27-80DFR-0000136,NS0C47628FA540265F,DISPATCHED,Delhi,Pure Cotton Rajwada Patchwork Print King Size Bedsheet,,home__home_improvement__utility,1189.52,5,59.48,-,-,KD-RJ-RJP-KDB,KD-RJ-RJP-KDB,1,1249.00
27-04-2026,INVOICE,27-80DFR-0000135,NS06A1567D2DE15235,CANCEL_INITIATED,Kerala,Pure Cotton Rajwada Patchwork Print King Size Bedsheet,,home__home_improvement__utility,1189.52,5,59.48,-,-,KD-RJ-RJP-KDB,KD-RJ-RJP-KDB,1,1249.00
26-04-2026,INVOICE,27-80DFR-0000134,NS0D8AF7AF1958E792,DISPATCHED,Rajasthan,Pure Cotton Rajwada Patchwork Print King Size Bedsheet,,home__home_improvement__utility,1189.52,5,59.48,-,-,KD-RJ-RJP-KDB,KD-RJ-RJP-KDB,1,1249.00
26-04-2026,INVOICE,27-80DFR-0000133,NS0C9F0A34401E82F1,DISPATCHED,Karnataka,Sunny Daisy Yellow Bedding Set- with cushions,,home__home_furnishing__bed_linen,1380.95,5,69.05,-,-,KD-FK-YLW-5PC-KING-DAISY,KD-FK-YLW-5PC-KING-DAISY,1,1450.00
26-04-2026,INVOICE,27-80DFR-0000132,NS07E9FE510B6CD90F,CREATED,Gujarat,Geometric Design Bedsheet Set - with 2 Cushions & 2 pillow covers,,home__home_improvement__utility,827.62,5,41.38,-,-,TLS-BB-GEO-QDB,TLS-BB-GEO-QDB,1,869.00
26-04-2026,INVOICE,27-80DFR-0000132,NS17E9FE510B6CD90F,CREATED,Gujarat,"Cotton Stripes Pattern Diwan Bedsheet Set (5 cushion covers, 2 bolster covers & 1 Diwan Bedsheet)",,home__home_improvement__utility,542.86,5,27.14,-,-,TLS-STRP-MG-DWB,TLS-STRP-MG-DWB,1,570.00
26-04-2026,INVOICE,27-80DFR-0000131,NS0468F0C872818F2F,DELIVERED,Uttar Pradesh,Pure Cotton Rajwada Patchwork Print King Size Bedsheet,,home__home_improvement__utility,1094.29,5,54.71,-,-,KD-RJ-RJP-KDB,KD-RJ-RJP-KDB,1,1149.00
26-04-2026,INVOICE,27-80DFR-0000130,NS0BAF9E12456C720E,DISPATCHED,Andhra Pradesh,Pure Cotton Rajwada Patchwork Print King Size Bedsheet,,home__home_improvement__utility,1189.52,5,59.48,-,-,KD-RJ-RJP-KDB,KD-RJ-RJP-KDB,1,1249.00
26-04-2026,INVOICE,27-80DFR-0000129,NS0097A545E2062BB8,DELIVERED,Uttar Pradesh,Pure Cotton Rajwada Patchwork Print King Size Bedsheet,,home__home_improvement__utility,1189.52,5,59.48,-,-,KD-RJ-RJP-KDB,KD-RJ-RJP-KDB,1,1249.00
26-04-2026,INVOICE,27-80DFR-0000128,NS0E4C93617081286F,DELIVERED,Rajasthan,Pure Cotton Rajwada Patchwork Print King Size Bedsheet,,home__home_improvement__utility,1189.52,5,59.48,-,-,KD-RJ-RJP-KDB,KD-RJ-RJP-KDB,1,1249.00
25-04-2026,INVOICE,27-80DFR-0000127,NS0424F67850BAE238,DELIVERED,Karnataka,Pure Cotton Rajwada Patchwork Print King Size Bedsheet,,home__home_improvement__utility,1094.29,5,54.71,-,-,KD-RJ-RJP-KDB,KD-RJ-RJP-KDB,1,1149.00
25-04-2026,INVOICE,27-80DFR-0000126,NS088D8DDE7EFE471F,CANCEL_INITIATED,Punjab,Pure Cotton Rajwada Patchwork Print King Size Bedsheet,,home__home_improvement__utility,1189.52,5,59.48,-,-,KD-RJ-RJP-KDB,KD-RJ-RJP-KDB,1,1249.00
25-04-2026,INVOICE,27-80DFR-0000125,NS0ED837C22B028AAA,CANCEL_INITIATED,Andhra Pradesh,Blush Harmony Comforter with Bedsheet Set,,home__home_improvement__utility,1894.29,5,94.71,-,-,KD-FCS-BHCS-QDB,KD-FCS-BHCS-QDB,1,1989.00
25-04-2026,INVOICE,27-80DFR-0000125,NS31B4B42F4051C456,CANCEL_INITIATED,Andhra Pradesh,Pink Polka Dots Bedsheet Set with 2 cushions & 2 pillow covers- 180 GSM Cotton Blend,,home__home_improvement__utility,951.43,5,47.57,-,-,TLS-BB-PPP-QDB,TLS-BB-PPP-QDB,1,999.00
25-04-2026,INVOICE,27-80DFR-0000124,NS21B4B42F4051C456,CANCEL_INITIATED,Andhra Pradesh,Blue Floral Block Bedsheet Round Handmade Cushions-300 GSM Super Soft Cotton,,home__home_improvement__utility,1665.71,5,83.29,-,-,TLS-HPD-BFLB-KDB,TLS-HPD-BFLB-KDB,1,1749.00
25-04-2026,INVOICE,27-80DFR-0000123,NS11B4B42F4051C456,CANCEL_INITIATED,Andhra Pradesh,Earth Bloom Floral Comforter Bedsheet Set,,home__home_improvement__utility,1894.29,5,94.71,-,-,KD-FCS-EBCS-QDB,KD-FCS-EBCS-QDB,1,1989.00
25-04-2026,INVOICE,27-80DFR-0000122,NS04B679EBBA9AC21A,DELIVERED,Karnataka,Serene Blue (Lotus) Pure Cotton King Size Bedsheet Set,,home__home_improvement__utility,1189.52,5,59.48,-,-,KD-RJ-SBL-KDB,KD-RJ-SBL-KDB,1,1249.00
25-04-2026,INVOICE,27-80DFR-0000121,NS0C55D4F154C0D57B,DELIVERED,Punjab,Pure Cotton Rajwada Patchwork Print King Size Bedsheet,,home__home_improvement__utility,1095.24,5,54.76,-,-,KD-RJ-RJP-KDB,KD-RJ-RJP-KDB,1,1150.00
24-04-2026,INVOICE,27-80DFR-0000120,NS0A610B7EB4EC269F,DELIVERED,Punjab,Pure Cotton Rajwada Patchwork Print King Size Bedsheet,,home__home_improvement__utility,1189.52,5,59.48,-,-,KD-RJ-RJP-KDB,KD-RJ-RJP-KDB,1,1249.00
24-04-2026,INVOICE,27-80DFR-0000119,NS0DEB5243B53DF8F8,RTO_INITIATED,Maharashtra,Pure Cotton Rajwada Patchwork Print King Size Bedsheet,,home__home_improvement__utility,1189.52,5,59.48,-,-,KD-RJ-RJP-KDB,KD-RJ-RJP-KDB,1,1249.00
24-04-2026,INVOICE,27-80DFR-0000118,NS0CB1579529BEE4CA,CREATED,Haryana,Geometric Design Bedsheet Set - with 2 Cushions & 2 pillow covers,,home__home_improvement__utility,846.67,5,-,21.17,21.17,TLS-BB-GEO-QDB,TLS-BB-GEO-QDB,1,889.00
24-04-2026,INVOICE,27-80DFR-0000117,NS0DDA97F8813AF4B0,DISPATCHED,Karnataka,Mattress Cover | Protector |  100% Waterproof | Royal Blue,,home__home_improvement__utility,1418.10,5,70.90,-,-,TLS-MP-RYB-DBF,TLS-MP-RYB-DBF,1,1489.00
24-04-2026,INVOICE,27-80DFR-0000116,NS039494576B2FF1EA,DELIVERED,Jharkhand,Pure Cotton Rajwada Patchwork Print King Size Bedsheet,,home__home_improvement__utility,1189.52,5,59.48,-,-,KD-RJ-RJP-KDB,KD-RJ-RJP-KDB,1,1249.00
24-04-2026,INVOICE,27-80DFR-0000115,NS01C69F167F70430C,DISPATCHED,Maharashtra,Soft Pink Floral Cotton Bedsheet Set,,home__home_improvement__utility,1237.14,5,61.86,-,-,KD-RR-SPNK-KDB,KD-RR-SPNK-KDB,1,1299.00
24-04-2026,INVOICE,27-80DFR-0000114,NS0DA5B68FE7A0AB0A,RTO_INITIATED,Haryana,Pure Cotton Rajwada Patchwork Print King Size Bedsheet,,home__home_improvement__utility,1189.52,5,-,29.74,29.74,KD-RJ-RJP-KDB,KD-RJ-RJP-KDB,1,1249.00
24-04-2026,INVOICE,27-80DFR-0000113,NS0B017ADD55F1CBA5,CANCEL_INITIATED,Andhra Pradesh,Pink Polka Dots Bedsheet Set with 2 cushions & 2 pillow covers- 180 GSM Cotton Blend,,home__home_improvement__utility,951.43,5,47.57,-,-,TLS-BB-PPP-QDB,TLS-BB-PPP-QDB,1,999.00
24-04-2026,INVOICE,27-80DFR-0000112,NS0B017ADD55F1CBA5,CANCEL_INITIATED,Andhra Pradesh,Pink Polka Dots Bedsheet Set with 2 cushions & 2 pillow covers- 180 GSM Cotton Blend,,home__home_improvement__utility,951.43,5,47.57,-,-,TLS-BB-PPP-QDB,TLS-BB-PPP-QDB,1,999.00
24-04-2026,INVOICE,27-80DFR-0000112,NS1B017ADD55F1CBA5,CANCEL_INITIATED,Andhra Pradesh,Blue Paisley Bedsheet Set with 2 cushions,,home__home_improvement__utility,941.90,5,47.10,-,-,TLS-BB-BPS-QDB,TLS-BB-BPS-QDB,1,989.00
24-04-2026,INVOICE,27-80DFR-0000111,NS0B017ADD55F1CBA5,CANCEL_INITIATED,Andhra Pradesh,Pink Polka Dots Bedsheet Set with 2 cushions & 2 pillow covers- 180 GSM Cotton Blend,,home__home_improvement__utility,951.43,5,47.57,-,-,TLS-BB-PPP-QDB,TLS-BB-PPP-QDB,1,999.00
24-04-2026,INVOICE,27-80DFR-0000111,NS1B017ADD55F1CBA5,CANCEL_INITIATED,Andhra Pradesh,Blue Paisley Bedsheet Set with 2 cushions,,home__home_improvement__utility,941.90,5,47.10,-,-,TLS-BB-BPS-QDB,TLS-BB-BPS-QDB,1,989.00
24-04-2026,INVOICE,27-80DFR-0000111,NS2B017ADD55F1CBA5,CANCEL_INITIATED,Andhra Pradesh,Serene Blue (Lotus) Pure Cotton King Size Bedsheet Set,,home__home_improvement__utility,1189.52,5,59.48,-,-,KD-RJ-SBL-KDB,KD-RJ-SBL-KDB,1,1249.00
24-04-2026,INVOICE,27-80DFR-0000110,NS07119812D761F721,RTO_INITIATED,Uttar Pradesh,Pure Cotton Rajwada Patchwork Print King Size Bedsheet,,home__home_improvement__utility,1189.52,5,59.48,-,-,KD-RJ-RJP-KDB,KD-RJ-RJP-KDB,1,1249.00
23-04-2026,INVOICE,27-80DFR-0000109,NS0FB80F41EB132653,DELIVERED,Andhra Pradesh,Pure Cotton Rajwada Patchwork Print King Size Bedsheet,,home__home_improvement__utility,922.86,5,46.14,-,-,KD-RJ-RJP-KDB,KD-RJ-RJP-KDB,1,969.00
23-04-2026,INVOICE,27-80DFR-0000108,NS07FC2060DA387C5F,DELIVERED,Punjab,Pure Cotton Rajwada Patchwork Print King Size Bedsheet,,home__home_improvement__utility,1189.52,5,59.48,-,-,KD-RJ-RJP-KDB,KD-RJ-RJP-KDB,1,1249.00
23-04-2026,INVOICE,27-80DFR-0000107,NS0357F26D4996D373,DELIVERED,Delhi,Blue Floral Block Bedsheet Round Handmade Cushions-300 GSM Super Soft Cotton,,home__home_improvement__utility,1665.71,5,83.29,-,-,TLS-HPD-BFLB-KDB,TLS-HPD-BFLB-KDB,1,1749.00
23-04-2026,INVOICE,27-80DFR-0000106,NS0644DBE698441996,CANCEL_INITIATED,Maharashtra,Pure Cotton Rajwada Patchwork Print King Size Bedsheet,,home__home_improvement__utility,1189.52,5,59.48,-,-,KD-RJ-RJP-KDB,KD-RJ-RJP-KDB,1,1249.00
23-04-2026,INVOICE,27-80DFR-0000105,NS0644DBE698441996,CANCEL_INITIATED,Maharashtra,Pure Cotton Rajwada Patchwork Print King Size Bedsheet,,home__home_improvement__utility,1189.52,5,59.48,-,-,KD-RJ-RJP-KDB,KD-RJ-RJP-KDB,1,1249.00
23-04-2026,INVOICE,27-80DFR-0000105,NS135C1B46E3CC0B81,CANCEL_INITIATED,Maharashtra,Blue Floral Block Bedsheet Round Handmade Cushions-300 GSM Super Soft Cotton,,home__home_improvement__utility,1665.71,5,83.29,-,-,TLS-HPD-BFLB-KDB,TLS-HPD-BFLB-KDB,1,1749.00
22-04-2026,INVOICE,27-80DFR-0000104,NS0E8BA8792AB92161,RTO_INITIATED,Tamil Nadu,Pure Cotton Rajwada Patchwork Print King Size Bedsheet,,home__home_improvement__utility,1189.52,5,59.48,-,-,KD-RJ-RJP-KDB,KD-RJ-RJP-KDB,1,1249.00
22-04-2026,INVOICE,27-80DFR-0000103,NS09C947799892F729,DELIVERED,Delhi,Pure Cotton Rajwada Patchwork Print King Size Bedsheet,,home__home_improvement__utility,1189.52,5,59.48,-,-,KD-RJ-RJP-KDB,KD-RJ-RJP-KDB,1,1249.00
22-04-2026,INVOICE,27-80DFR-0000102,NS0145041A2D6E87FB,DELIVERED,Haryana,Pure Cotton Rajwada Patchwork Print King Size Bedsheet,,home__home_improvement__utility,1094.29,5,-,27.36,27.36,KD-RJ-RJP-KDB,KD-RJ-RJP-KDB,1,1149.00
22-04-2026,INVOICE,27-80DFR-0000101,NS03CDB9BCD34F4752,RTO_DELIVERED,Haryana,Pure Cotton Rajwada Patchwork Print King Size Bedsheet,,home__home_improvement__utility,1189.52,5,-,29.74,29.74,KD-RJ-RJP-KDB,KD-RJ-RJP-KDB,1,1249.00
22-04-2026,INVOICE,27-80DFR-0000100,NS0A394965EEC10DDB,RTO_INITIATED,Haryana,Sage Green Lotus Pure Cotton Bedsheet Set - Double Bedsheet & Pillow Covers,,home__home_improvement__utility,1199.05,5,-,29.98,29.98,KD-RJ-SGL-KDB,KD-RJ-SGL-KDB,1,1259.00
22-04-2026,INVOICE,27-80DFR-0000099,NS0655EC038C9082A2,DELIVERED,Haryana,Blue Floral Block Bedsheet Round Handmade Cushions-300 GSM Super Soft Cotton,,home__home_improvement__utility,1475.24,5,-,36.88,36.88,TLS-HPD-BFLB-KDB,TLS-HPD-BFLB-KDB,1,1549.00
21-04-2026,INVOICE,27-80DFR-0000098,NS07311537BF664194,CANCEL_INITIATED,Haryana,Blue Floral Block Bedsheet Round Handmade Cushions-300 GSM Super Soft Cotton,,home__home_improvement__utility,1570.48,5,-,39.26,39.26,TLS-HPD-BFLB-KDB,TLS-HPD-BFLB-KDB,1,1649.00
21-04-2026,INVOICE,27-80DFR-0000097,NS080DFF3338C5042C,CANCEL_INITIATED,Haryana,Blue Floral Block Bedsheet Round Handmade Cushions-300 GSM Super Soft Cotton,,home__home_improvement__utility,1570.48,5,-,39.26,39.26,TLS-HPD-BFLB-KDB,TLS-HPD-BFLB-KDB,1,1649.00
21-04-2026,INVOICE,27-80DFR-0000096,NS0D7B493285339200,DISPATCHED,Kerala,Pure Cotton Rajwada Patchwork Print King Size Bedsheet,,home__home_improvement__utility,1189.52,5,59.48,-,-,KD-RJ-RJP-KDB,KD-RJ-RJP-KDB,1,1249.00
21-04-2026,INVOICE,27-80DFR-0000095,NS0D0B02FBF05ED62F,CANCEL_INITIATED,Haryana,Pure Cotton Rajwada Patchwork Print King Size Bedsheet,,home__home_improvement__utility,1189.52,5,-,29.74,29.74,KD-RJ-RJP-KDB,KD-RJ-RJP-KDB,1,1249.00
21-04-2026,INVOICE,27-80DFR-0000094,NS0E8992128DFFAADF,DELIVERED,Haryana,Pure Cotton Rajwada Patchwork Print King Size Bedsheet,,home__home_improvement__utility,1189.52,5,-,29.74,29.74,KD-RJ-RJP-KDB,KD-RJ-RJP-KDB,1,1249.00
21-04-2026,INVOICE,27-80DFR-0000093,NS0EF31A895BCA0D39,CANCEL_INITIATED,Andhra Pradesh,Pure Cotton Rajwada Patchwork Print King Size Bedsheet,,home__home_improvement__utility,1189.52,5,59.48,-,-,KD-RJ-RJP-KDB,KD-RJ-RJP-KDB,1,1249.00
20-04-2026,INVOICE,27-80DFR-0000092,NS061A8B562B7B0662,CANCEL_INITIATED,Maharashtra,Sage Green Lotus Pure Cotton Bedsheet Set - Double Bedsheet & Pillow Covers,,home__home_improvement__utility,1103.81,5,55.19,-,-,KD-RJ-SGL-KDB,KD-RJ-SGL-KDB,1,1159.00
20-04-2026,INVOICE,27-80DFR-0000091,NS07A24B2CE7F1B222,DELIVERED,Telangana,Pure Cotton Rajwada Patchwork Print King Size Bedsheet,,home__home_improvement__utility,1189.52,5,59.48,-,-,KD-RJ-RJP-KDB,KD-RJ-RJP-KDB,1,1249.00
20-04-2026,INVOICE,27-80DFR-0000090,NS00DC73CF0B5D448A,RTO_ACKNOWLEDGED,Rajasthan,Pure Cotton Rajwada Patchwork Print King Size Bedsheet,,home__home_improvement__utility,1189.52,5,59.48,-,-,KD-RJ-RJP-KDB,KD-RJ-RJP-KDB,1,1249.00
20-04-2026,INVOICE,27-80DFR-0000089,NS0C85B92242BBFE9E,CANCEL_INITIATED,Uttar Pradesh,Pure Cotton Rajwada Patchwork Print King Size Bedsheet,,home__home_improvement__utility,1189.52,5,59.48,-,-,KD-RJ-RJP-KDB,KD-RJ-RJP-KDB,1,1249.00
20-04-2026,INVOICE,27-80DFR-0000088,NS0F3F0B9F48D4F4AE,DELIVERED,Chhattisgarh,Sage Green Lotus Pure Cotton Bedsheet Set - Double Bedsheet & Pillow Covers,,home__home_improvement__utility,1153.33,5,57.67,-,-,KD-RJ-SGL-KDB,KD-RJ-SGL-KDB,1,1211.00
20-04-2026,INVOICE,27-80DFR-0000088,NS1F3F0B9F48D4F4AE,DELIVERED,Chhattisgarh,Marigold Bloom Pure Cotton Super King size Bedsheet Set,,others_68c015dd317e68f10e190e4c__others__bedsheets,1235.24,5,61.76,-,-,KD-MDB-MGLD-SK,KD-MDB-MGLD-SK,1,1297.00
20-04-2026,INVOICE,27-80DFR-0000087,NS0A6C2846F43C69B6,DELIVERED,Chhattisgarh,Aqua Blue Ikat Pure Cotton Bedsheet Set,,home__home_improvement__utility,1094.29,5,54.71,-,-,KD-IK-AQUA-KDB-100,KD-IK-AQUA-KDB-100,1,1149.00
20-04-2026,INVOICE,27-80DFR-0000086,NS0D2816744C16D72C,DELIVERED,Rajasthan,Pure Cotton Rajwada Patchwork Print King Size Bedsheet,,home__home_improvement__utility,999.05,5,49.95,-,-,KD-RJ-RJP-KDB,KD-RJ-RJP-KDB,1,1049.00
19-04-2026,INVOICE,27-80DFR-0000085,NS0577655F29C911D4,RTO_INITIATED,Maharashtra,Pure Cotton Rajwada Patchwork Print King Size Bedsheet,,home__home_improvement__utility,1189.52,5,59.48,-,-,KD-RJ-RJP-KDB,KD-RJ-RJP-KDB,1,1249.00
19-04-2026,INVOICE,27-80DFR-0000084,NS05617CD97ED221D7,DELIVERED,Uttar Pradesh,Pure Cotton Rajwada Patchwork Print King Size Bedsheet,,home__home_improvement__utility,1189.52,5,59.48,-,-,KD-RJ-RJP-KDB,KD-RJ-RJP-KDB,1,1249.00
19-04-2026,INVOICE,27-80DFR-0000083,NS06C672D62F282889,DELIVERED,Karnataka,Pure Cotton Rajwada Patchwork Print King Size Bedsheet,,home__home_improvement__utility,1018.10,5,50.90,-,-,KD-RJ-RJP-KDB,KD-RJ-RJP-KDB,1,1069.00
18-04-2026,INVOICE,27-80DFR-0000082,NS080E53886766013E,RTO_DELIVERED,Madhya Pradesh,Pure Cotton Rajwada Patchwork Print King Size Bedsheet,,home__home_improvement__utility,1189.52,5,59.48,-,-,KD-RJ-RJP-KDB,KD-RJ-RJP-KDB,1,1249.00
18-04-2026,INVOICE,27-80DFR-0000081,NS05EF93C5FE1A940D,DELIVERED,Tamil Nadu,Geometric Design Bedsheet Set - with 2 Cushions & 2 pillow covers,,home__home_improvement__utility,846.67,5,42.33,-,-,TLS-BB-GEO-QDB,TLS-BB-GEO-QDB,1,889.00
18-04-2026,INVOICE,27-80DFR-0000080,NS00E1EED91BBD07F2,DELIVERED,Haryana,Pure Cotton Rajwada Patchwork Print King Size Bedsheet,,home__home_improvement__utility,1094.29,5,-,27.36,27.36,KD-RJ-RJP-KDB,KD-RJ-RJP-KDB,1,1149.00
18-04-2026,INVOICE,27-80DFR-0000079,NS0D221D540C4B90B4,DELIVERED,Gujarat,Pure Cotton Rajwada Patchwork Print King Size Bedsheet,,home__home_improvement__utility,1189.52,5,59.48,-,-,KD-RJ-RJP-KDB,KD-RJ-RJP-KDB,1,1249.00
17-04-2026,INVOICE,27-80DFR-0000078,NS0BDD4090D0ADFAF2,RTO_DELIVERED,Himachal Pradesh,Aqua Blue Bedsheet Set-with Pillow Covers ,,home__home_improvement__utility,913.33,5,45.67,-,-,KD-BD-AB-QDB-02,KD-BD-AB-QDB-02,1,959.00
17-04-2026,INVOICE,27-80DFR-0000077,NS0578DD99B3DA6585,DELIVERED,Maharashtra,Sunehri Neel Premium Paisley Comforter Set - Set of 4 items,,others_68c015dd317e68f10e190e4c__others__comforter_set,4160.95,5,208.05,-,-,JSR-SLK-BYPS-QDB_90 x 100 Inches,JSR-SLK-SNPS-QDB,2,4369.00
17-04-2026,INVOICE,27-80DFR-0000076,NS1578DD99B3DA6585,DELIVERED,Maharashtra,Blush Pink Gulbahar Handblock Printed Cotton Bedsheet Set,,,1131.43,5,56.57,-,-,KD-SSK-BPGB-KDB,KD-SSK-BPGB-KDB,1,1188.00
17-04-2026,INVOICE,27-80DFR-0000075,NS099C46734480ACAA,DELIVERED,Karnataka,Pure Cotton Rajwada Patchwork Print King Size Bedsheet,,home__home_improvement__utility,1189.52,5,59.48,-,-,KD-RJ-RJP-KDB,KD-RJ-RJP-KDB,1,1249.00
17-04-2026,INVOICE,27-80DFR-0000074,NS061B8A5A7AB5C5C4,DELIVERED,Delhi,Pure Cotton Rajwada Patchwork Print King Size Bedsheet,,home__home_improvement__utility,1189.52,5,59.48,-,-,KD-RJ-RJP-KDB,KD-RJ-RJP-KDB,1,1249.00
17-04-2026,INVOICE,27-80DFR-0000073,NS0E8A4DEF35C41700,RTO_ACKNOWLEDGED,West Bengal,Pure Cotton Rajwada Patchwork Print King Size Bedsheet,,home__home_improvement__utility,1094.29,5,54.71,-,-,KD-RJ-RJP-KDB,KD-RJ-RJP-KDB,1,1149.00
17-04-2026,INVOICE,27-80DFR-0000072,NS0022D6C478EB625D,CANCEL_INITIATED,Haryana,Pure Cotton Rajwada Patchwork Print King Size Bedsheet,,home__home_improvement__utility,1189.52,5,-,29.74,29.74,KD-RJ-RJP-KDB,KD-RJ-RJP-KDB,1,1249.00
17-04-2026,INVOICE,27-80DFR-0000071,NS04830206964EF89A,RTO_ACKNOWLEDGED,Haryana,Pure Cotton Rajwada Patchwork Print King Size Bedsheet,,home__home_improvement__utility,1189.52,5,-,29.74,29.74,KD-RJ-RJP-KDB,KD-RJ-RJP-KDB,1,1249.00
16-04-2026,INVOICE,27-80DFR-0000070,NS002CEFA610B9C15E,DELIVERED,Maharashtra,Pure Cotton Rajwada Patchwork Print King Size Bedsheet,,home__home_improvement__utility,1189.52,5,59.48,-,-,KD-RJ-RJP-KDB,KD-RJ-RJP-KDB,1,1249.00
16-04-2026,INVOICE,27-80DFR-0000069,NS09669986435B53C5,RTO_ACKNOWLEDGED,Jharkhand,Pure Cotton Rajwada Patchwork Print King Size Bedsheet,,home__home_improvement__utility,1189.52,5,59.48,-,-,KD-RJ-RJP-KDB,KD-RJ-RJP-KDB,1,1249.00
16-04-2026,INVOICE,27-80DFR-0000068,NS066155E13186B991,DELIVERED,Maharashtra,Pure Cotton Rajwada Patchwork Print King Size Bedsheet,,home__home_improvement__utility,1189.52,5,59.48,-,-,KD-RJ-RJP-KDB,KD-RJ-RJP-KDB,1,1249.00
16-04-2026,INVOICE,27-80DFR-0000067,NS0BBF5831FE40719C,RTO_ACKNOWLEDGED,Uttar Pradesh,Blush Harmony Comforter with Bedsheet Set,,home__home_improvement__utility,1894.29,5,94.71,-,-,KD-FCS-BHCS-QDB,KD-FCS-BHCS-QDB,1,1989.00
16-04-2026,INVOICE,27-80DFR-0000066,NS022CDCB01BEED9AD,DELIVERED,Karnataka,Pure Cotton Rajwada Patchwork Print King Size Bedsheet,,home__home_improvement__utility,1189.52,5,59.48,-,-,KD-RJ-RJP-KDB,KD-RJ-RJP-KDB,1,1249.00
15-04-2026,INVOICE,27-80DFR-0000065,NS043E620C503AA0A5,DELIVERED,Delhi,Geometric Design Bedsheet Set - with 2 Cushions & 2 pillow covers,,home__home_improvement__utility,941.90,5,47.10,-,-,TLS-BB-GEO-QDB,TLS-BB-GEO-QDB,1,989.00
15-04-2026,INVOICE,27-80DFR-0000064,NS0EAEE44C7EF3EDC9,DELIVERED,Haryana,Pure Cotton Rajwada Patchwork Print King Size Bedsheet,,home__home_improvement__utility,1189.52,5,-,29.74,29.74,KD-RJ-RJP-KDB,KD-RJ-RJP-KDB,1,1249.00
15-04-2026,INVOICE,27-80DFR-0000063,NS0B08027BB061950F,CANCEL_INITIATED,Uttar Pradesh,Pure Cotton Rajwada Patchwork Print King Size Bedsheet,,home__home_improvement__utility,1189.52,5,59.48,-,-,KD-RJ-RJP-KDB,KD-RJ-RJP-KDB,1,1249.00
15-04-2026,INVOICE,27-80DFR-0000062,NS05B7A278BA023A92,DELIVERED,Andhra Pradesh,Pure Cotton Rajwada Patchwork Print King Size Bedsheet,,home__home_improvement__utility,1094.29,5,54.71,-,-,KD-RJ-RJP-KDB,KD-RJ-RJP-KDB,1,1149.00
15-04-2026,INVOICE,27-80DFR-0000061,NS03E79A9289F51774,DELIVERED,Odisha,Pure Cotton Rajwada Patchwork Print King Size Bedsheet,,home__home_improvement__utility,1189.52,5,59.48,-,-,KD-RJ-RJP-KDB,KD-RJ-RJP-KDB,1,1249.00
14-04-2026,INVOICE,27-80DFR-0000060,NS05A4DD1CABD974EB,DELIVERED,Delhi,Soft Pink Floral Cotton Bedsheet Set,,home__home_improvement__utility,1237.14,5,61.86,-,-,KD-RR-SPNK-KDB,KD-RR-SPNK-KDB,1,1299.00
13-04-2026,INVOICE,27-80DFR-0000059,NS042847B7207F268A,DELIVERED,Odisha,Pure Cotton Rajwada Patchwork Print King Size Bedsheet,,home__home_improvement__utility,1189.52,5,59.48,-,-,KD-RJ-RJP-KDB,KD-RJ-RJP-KDB,1,1249.00
13-04-2026,INVOICE,27-80DFR-0000058,NS09B010CC692299F1,CANCEL_INITIATED,Andhra Pradesh,Pure Cotton Rajwada Patchwork Print King Size Bedsheet,,home__home_improvement__utility,1189.52,5,59.48,-,-,KD-RJ-RJP-KDB,KD-RJ-RJP-KDB,1,1249.00
12-04-2026,INVOICE,27-80DFR-0000057,NS04B17D76324D585F,DELIVERED,Uttar Pradesh,Blue Paisley Bedsheet Set with 2 cushions,,home__home_improvement__utility,941.90,5,47.10,-,-,TLS-BB-BPS-QDB,TLS-BB-BPS-QDB,1,989.00
12-04-2026,INVOICE,27-80DFR-0000056,NS06DCF7D1477F4168,RTO_ACKNOWLEDGED,Andhra Pradesh,Pure Cotton Rajwada Patchwork Print King Size Bedsheet,,home__home_improvement__utility,1189.52,5,59.48,-,-,KD-RJ-RJP-KDB,KD-RJ-RJP-KDB,1,1249.00
12-04-2026,INVOICE,27-80DFR-0000055,NS0806BC9E6B1BFCA6,RTO_ACKNOWLEDGED,Telangana,Pure Cotton Rajwada Patchwork Print King Size Bedsheet,,home__home_improvement__utility,1189.52,5,59.48,-,-,KD-RJ-RJP-KDB,KD-RJ-RJP-KDB,1,1249.00
11-04-2026,INVOICE,27-80DFR-0000054,NS089B45C2C63F86DE,DELIVERED,Delhi,Pure Cotton Rajwada Patchwork Print King Size Bedsheet,,home__home_improvement__utility,1189.52,5,59.48,-,-,KD-RJ-RJP-KDB,KD-RJ-RJP-KDB,1,1249.00
11-04-2026,INVOICE,27-80DFR-0000053,NS047DC1D4EC4D3CDD,RTO_ACKNOWLEDGED,Uttar Pradesh,Pure Cotton Rajwada Patchwork Print King Size Bedsheet,,home__home_improvement__utility,1189.52,5,59.48,-,-,KD-RJ-RJP-KDB,KD-RJ-RJP-KDB,1,1249.00
11-04-2026,INVOICE,27-80DFR-0000052,NS0C4BBC0146BF4F6D,DELIVERED,Gujarat,Pure Cotton Rajwada Patchwork Print King Size Bedsheet,,home__home_improvement__utility,1189.52,5,59.48,-,-,KD-RJ-RJP-KDB,KD-RJ-RJP-KDB,1,1249.00
11-04-2026,INVOICE,27-80DFR-0000051,NS05A3B71FFE1B958C,RTO_ACKNOWLEDGED,Uttar Pradesh,Pure Cotton Rajwada Patchwork Print King Size Bedsheet,,home__home_improvement__utility,1189.52,5,59.48,-,-,KD-RJ-RJP-KDB,KD-RJ-RJP-KDB,1,1249.00
10-04-2026,INVOICE,27-80DFR-0000050,NS0CEB0327984731FD,RTO_ACKNOWLEDGED,Punjab,Pure Cotton Rajwada Patchwork Print King Size Bedsheet,,home__home_improvement__utility,1189.52,5,59.48,-,-,KD-RJ-RJP-KDB,KD-RJ-RJP-KDB,1,1249.00
10-04-2026,INVOICE,27-80DFR-0000049,NS0C22D8743FC43E31,DELIVERED,Kerala,Pure Cotton Rajwada Patchwork Print King Size Bedsheet,,home__home_improvement__utility,1189.52,5,59.48,-,-,KD-RJ-RJP-KDB,KD-RJ-RJP-KDB,1,1249.00
10-04-2026,INVOICE,27-80DFR-0000048,NS00CC2E1272720AF7,RTO_ACKNOWLEDGED,Punjab,Pure Cotton Rajwada Patchwork Print King Size Bedsheet,,home__home_improvement__utility,1189.52,5,59.48,-,-,KD-RJ-RJP-KDB,KD-RJ-RJP-KDB,1,1249.00
10-04-2026,INVOICE,27-80DFR-0000047,NS0137D66E8D98222D,DELIVERED,West Bengal,Pure Cotton Rajwada Patchwork Print King Size Bedsheet,,home__home_improvement__utility,1189.52,5,59.48,-,-,KD-RJ-RJP-KDB,KD-RJ-RJP-KDB,1,1249.00
10-04-2026,INVOICE,27-80DFR-0000046,NS07A1429BA25FBD2C,RTO_ACKNOWLEDGED,Uttar Pradesh,Pure Cotton Rajwada Patchwork Print King Size Bedsheet,,home__home_improvement__utility,1189.52,5,59.48,-,-,KD-RJ-RJP-KDB,KD-RJ-RJP-KDB,1,1249.00
10-04-2026,INVOICE,27-80DFR-0000045,NS0C36B2886E909081,RTO_INITIATED,Nagaland,Pure Cotton Rajwada Patchwork Print King Size Bedsheet,,home__home_improvement__utility,1189.52,5,59.48,-,-,KD-RJ-RJP-KDB,KD-RJ-RJP-KDB,1,1249.00
10-04-2026,INVOICE,27-80DFR-0000045,NS1FD6D7463E69AD8D,RTO_INITIATED,Nagaland,Peach Blossom Bedsheet Set- with 2 pillow covers,,home__home_improvement__utility,913.33,5,45.67,-,-,KD-BD-PB-QDB-03,KD-BD-PB-QDB-03,1,959.00
10-04-2026,INVOICE,27-80DFR-0000044,NS040040BBBFB80256,DELIVERED,Delhi,Pure Cotton Rajwada Patchwork Print King Size Bedsheet,,home__home_improvement__utility,1189.52,5,59.48,-,-,KD-RJ-RJP-KDB,KD-RJ-RJP-KDB,1,1249.00
10-04-2026,INVOICE,27-80DFR-0000043,NS0A3920843B783B86,DELIVERED,Gujarat,Pure Cotton Rajwada Patchwork Print King Size Bedsheet,,home__home_improvement__utility,1189.52,5,59.48,-,-,KD-RJ-RJP-KDB,KD-RJ-RJP-KDB,1,1249.00
10-04-2026,INVOICE,27-80DFR-0000042,NS0A1517743B1944C9,DELIVERED,Gujarat,Geometric Design Bedsheet Set - with 2 Cushions & 2 pillow covers,,home__home_improvement__utility,941.90,5,47.10,-,-,TLS-BB-GEO-QDB,TLS-BB-GEO-QDB,1,989.00
10-04-2026,INVOICE,27-80DFR-0000041,NS0DA123302B3B489B,DELIVERED,Odisha,Pure Cotton Rajwada Patchwork Print King Size Bedsheet,,home__home_improvement__utility,1189.52,5,59.48,-,-,KD-RJ-RJP-KDB,KD-RJ-RJP-KDB,1,1249.00
10-04-2026,INVOICE,27-80DFR-0000040,NS0F58DE16C7A0EEEA,DELIVERED,Andhra Pradesh,Pure Cotton Rajwada Patchwork Print King Size Bedsheet,,home__home_improvement__utility,1189.52,5,59.48,-,-,KD-RJ-RJP-KDB,KD-RJ-RJP-KDB,1,1249.00
09-04-2026,INVOICE,27-80DFR-0000039,NS00193F9554E6CDC8,CANCEL_INITIATED,Tamil Nadu,Pure Cotton Rajwada Patchwork Print King Size Bedsheet,,home__home_improvement__utility,1189.52,5,59.48,-,-,KD-RJ-RJP-KDB,KD-RJ-RJP-KDB,1,1249.00
09-04-2026,INVOICE,27-80DFR-0000038,NS0B09F19649278276,CANCEL_INITIATED,Haryana,Pure Cotton Rajwada Patchwork Print King Size Bedsheet,,home__home_improvement__utility,1189.52,5,-,29.74,29.74,KD-RJ-RJP-KDB,KD-RJ-RJP-KDB,1,1249.00
09-04-2026,INVOICE,27-80DFR-0000037,NS07AB0630E63E50AC,CANCEL_INITIATED,Haryana,Pure Cotton Rajwada Patchwork Print King Size Bedsheet,,home__home_improvement__utility,1189.52,5,-,29.74,29.74,KD-RJ-RJP-KDB,KD-RJ-RJP-KDB,1,1249.00
09-04-2026,INVOICE,27-80DFR-0000036,NS07AB0630E63E50AC,CANCEL_INITIATED,Haryana,Pure Cotton Rajwada Patchwork Print King Size Bedsheet,,home__home_improvement__utility,1189.52,5,-,29.74,29.74,KD-RJ-RJP-KDB,KD-RJ-RJP-KDB,1,1249.00
09-04-2026,INVOICE,27-80DFR-0000036,NS17AB0630E63E50AC,CANCEL_INITIATED,Haryana,Blue Floral Block Bedsheet Round Handmade Cushions-300 GSM Super Soft Cotton,,home__home_improvement__utility,1665.71,5,-,41.64,41.64,TLS-HPD-BFLB-KDB,TLS-HPD-BFLB-KDB,1,1749.00
09-04-2026,INVOICE,27-80DFR-0000035,NS07AB0630E63E50AC,CANCEL_INITIATED,Haryana,Pure Cotton Rajwada Patchwork Print King Size Bedsheet,,home__home_improvement__utility,1189.52,5,-,29.74,29.74,KD-RJ-RJP-KDB,KD-RJ-RJP-KDB,1,1249.00
09-04-2026,INVOICE,27-80DFR-0000035,NS27AB0630E63E50AC,CANCEL_INITIATED,Haryana,Blue Paisley Bedsheet Set with 2 cushions,,home__home_improvement__utility,941.90,5,-,23.55,23.55,TLS-BB-BPS-QDB,TLS-BB-BPS-QDB,1,989.00
09-04-2026,INVOICE,27-80DFR-0000035,NS17AB0630E63E50AC,CANCEL_INITIATED,Haryana,Blue Floral Block Bedsheet Round Handmade Cushions-300 GSM Super Soft Cotton,,home__home_improvement__utility,1665.71,5,-,41.64,41.64,TLS-HPD-BFLB-KDB,TLS-HPD-BFLB-KDB,1,1749.00
08-04-2026,INVOICE,27-80DFR-0000034,NS01D08671D6ADE9DF,RTO_ACKNOWLEDGED,Rajasthan,Set Of 5 - 300GSM Cotton Blue Blossoms Floral King size Bedsheet & Pillow Cover,,home__home_improvement__utility,1675.24,5,83.76,-,-,TLS-HPD-BBFK-KDB,TLS-HPD-BBFK-KDB,1,1759.00
08-04-2026,INVOICE,27-80DFR-0000033,NS0AE198170714B5D1,DELIVERED,Uttar Pradesh,Set Of 3 - Pure Cotton Rajwada Patchwork Print King Size Bedsheet,,home__home_improvement__utility,1094.29,5,54.71,-,-,KD-RJ-RJP-KDB,KD-RJ-RJP-KDB,1,1149.00
08-04-2026,INVOICE,27-80DFR-0000032,NS0BAD59A9659BFBC0,DELIVERED,Punjab,Set Of 3 - Pure Cotton Rajwada Patchwork Print King Size Bedsheet,,home__home_improvement__utility,1189.52,5,59.48,-,-,KD-RJ-RJP-KDB,KD-RJ-RJP-KDB,1,1249.00
08-04-2026,INVOICE,27-80DFR-0000031,NS0C76342E98860D96,DELIVERED,Andhra Pradesh,Set Of 3 - Pure Cotton Rajwada Patchwork Print King Size Bedsheet,,home__home_improvement__utility,1189.52,5,59.48,-,-,KD-RJ-RJP-KDB,KD-RJ-RJP-KDB,1,1249.00
08-04-2026,INVOICE,27-80DFR-0000030,NS03DF1AC020E564DE,DELIVERED,Telangana,Set Of 3 - Pure Cotton Rajwada Patchwork Print King Size Bedsheet,,home__home_improvement__utility,1189.52,5,59.48,-,-,KD-RJ-RJP-KDB,KD-RJ-RJP-KDB,1,1249.00
07-04-2026,INVOICE,27-80DFR-0000029,NS0B0863F7D3795DC0,DELIVERED,Rajasthan,Set Of 3 - Pure Cotton Rajwada Patchwork Print King Size Bedsheet,,home__home_improvement__utility,1189.52,5,59.48,-,-,KD-RJ-RJP-KDB,KD-RJ-RJP-KDB,1,1249.00
07-04-2026,INVOICE,27-80DFR-0000028,NS0104990A2A690435,DELIVERED,Rajasthan,Set Of 3 Butterfly Bloom Blue Pure Cotton Bedsheet with 2 Pillow Covers,,,1322.86,5,66.14,-,-,KD-MDB-BTFBL-SK,KD-MDB-BTFBL-SK,1,1389.00
06-04-2026,INVOICE,27-80DFR-0000027,NS0FCCB01BB4174028,DELIVERED,Haryana,Set Of 3 - Pure Cotton Rajwada Patchwork Print King Size Bedsheet,,home__home_improvement__utility,1189.52,5,-,29.74,29.74,KD-RJ-RJP-KDB,KD-RJ-RJP-KDB,1,1249.00
06-04-2026,INVOICE,27-80DFR-0000026,NS0BA67E2798C17BFF,DELIVERED,Delhi,Set Of 3 - Pure Cotton Sage Green Lotus Bedsheet Set - Double Bedsheet & Pillow Covers,,home__home_improvement__utility,1199.05,5,59.95,-,-,KD-RJ-SGL-KDB,KD-RJ-SGL-KDB,1,1259.00
06-04-2026,INVOICE,27-80DFR-0000025,NS0B5B7A1F9D0B82FF,RTO_ACKNOWLEDGED,Madhya Pradesh,Set Of 3 - Pure Cotton Rajwada Patchwork Print King Size Bedsheet,,home__home_improvement__utility,1094.29,5,54.71,-,-,KD-RJ-RJP-KDB,KD-RJ-RJP-KDB,1,1149.00
04-04-2026,INVOICE,27-80DFR-0000024,NS06B1619BB378C459,DELIVERED,Kerala,Set Of 3 - Pure Cotton Rajwada Patchwork Print King Size Bedsheet,,home__home_improvement__utility,1189.52,5,59.48,-,-,KD-RJ-RJP-KDB,KD-RJ-RJP-KDB,1,1249.00
04-04-2026,INVOICE,27-80DFR-0000023,NS0B27FF7C4926F657,DELIVERED,Delhi,Blue Jaal Pure Cotton Reversible Dohar,,home__home_improvement__utility,1189.52,5,59.48,-,-,TLS-DH-BLJAAL-DB,TLS-DH-BLJAAL-DB,1,1249.00
04-04-2026,INVOICE,27-80DFR-0000023,NS1B27FF7C4926F657,DELIVERED,Delhi,Indigo Blue Tree Garden Reversible Pure Cotton Dohar,,home__home_improvement__utility,1189.52,5,59.48,-,-,TLS-DH-INDGTREE-DB,TLS-DH-INDGTREE-DB,1,1249.00
04-04-2026,INVOICE,27-80DFR-0000023,NS2B27FF7C4926F657,DELIVERED,Delhi,Forest Green Jaal Pure Cotton Reversible  Dohar,,home__home_improvement__utility,1189.52,5,59.48,-,-,TLS-DH-FGREENJAAL-DB,TLS-DH-FGREENJAAL-DB,1,1249.00
04-04-2026,INVOICE,27-80DFR-0000023,NS3B27FF7C4926F657,DELIVERED,Delhi,Rust Blossom Jaal Pure Cotton Reversible Dohar,,home__home_improvement__utility,1189.52,5,59.48,-,-,TLS-DH-RUSTJAAL-DB,TLS-DH-RUSTJAAL-DB,1,1249.00
04-04-2026,INVOICE,27-80DFR-0000022,NS0431EA692B0F897C,DELIVERED,Maharashtra,Set Of 5 - 300GSM Cotton Blue Blossoms Floral King size Bedsheet & Pillow Cover,,home__home_improvement__utility,1580.00,5,79.00,-,-,TLS-HPD-BBFK-KDB,TLS-HPD-BBFK-KDB,1,1659.00
04-04-2026,INVOICE,27-80DFR-0000021,NS0AF522EC4EA0DEA1,RTO_ACKNOWLEDGED,Punjab,Set Of 3 - Pure Cotton Rajwada Patchwork Print King Size Bedsheet,,home__home_improvement__utility,1189.52,5,59.48,-,-,KD-RJ-RJP-KDB,KD-RJ-RJP-KDB,1,1249.00
04-04-2026,INVOICE,27-80DFR-0000020,NS0A77B7603683410C,DELIVERED,Manipur,Set Of 3 - Pure Cotton Rajwada Patchwork Print King Size Bedsheet,,home__home_improvement__utility,1094.29,5,54.71,-,-,KD-RJ-RJP-KDB,KD-RJ-RJP-KDB,1,1149.00
04-04-2026,INVOICE,27-80DFR-0000019,NS1D47783DEE961BA9,CANCEL_INITIATED,Maharashtra,Set Of 3 - Pure Cotton Rajwada Patchwork Print King Size Bedsheet,,home__home_improvement__utility,1167.62,5,58.38,-,-,KD-RJ-RJP-KDB,KD-RJ-RJP-KDB,1,1226.00
04-04-2026,INVOICE,27-80DFR-0000018,NS0D47783DEE961BA9,CANCEL_INITIATED,Maharashtra,Set Of 5 - 300GSM Cotton Blue Blossoms Floral King size Bedsheet & Pillow Cover,,home__home_improvement__utility,1644.76,5,82.24,-,-,TLS-HPD-BBFK-KDB,TLS-HPD-BBFK-KDB,1,1727.00
04-04-2026,INVOICE,27-80DFR-0000017,NS1D47783DEE961BA9,CANCEL_INITIATED,Maharashtra,Set Of 3 - Pure Cotton Rajwada Patchwork Print King Size Bedsheet,,home__home_improvement__utility,1167.62,5,58.38,-,-,KD-RJ-RJP-KDB,KD-RJ-RJP-KDB,1,1226.00
04-04-2026,INVOICE,27-80DFR-0000017,NS2D47783DEE961BA9,CANCEL_INITIATED,Maharashtra,Sunehri Neel Premium Paisley Comforter Set - Set of 4,,others_68c015dd317e68f10e190e4c__others__comforter_set,2337.14,5,116.86,-,-,JSR-SLK-BYPS-QDB_90 x 100 Inches,JSR-SLK-SNPS-QDB,1,2454.00
04-04-2026,INVOICE,27-80DFR-0000016,NS0AF279255C910615,CANCEL_INITIATED,Maharashtra,Set Of 3 - Pure Cotton Rajwada Patchwork Print King Size Bedsheet,,home__home_improvement__utility,1094.29,5,54.71,-,-,KD-RJ-RJP-KDB,KD-RJ-RJP-KDB,1,1149.00
04-04-2026,INVOICE,27-80DFR-0000015,NS06F5B63A855FACF0,DELIVERED,Odisha,Set Of 3 - Pure Cotton Rajwada Patchwork Print King Size Bedsheet,,home__home_improvement__utility,1189.52,5,59.48,-,-,KD-RJ-RJP-KDB,KD-RJ-RJP-KDB,1,1249.00
04-04-2026,INVOICE,27-80DFR-0000014,NS01E22E1B52E7F838,RTO_ACKNOWLEDGED,Uttar Pradesh,Set Of 3 - Pure Cotton Rajwada Patchwork Print King Size Bedsheet,,home__home_improvement__utility,1189.52,5,59.48,-,-,KD-RJ-RJP-KDB,KD-RJ-RJP-KDB,1,1249.00
03-04-2026,INVOICE,27-80DFR-0000013,NS002E1623F9158087,CANCEL_INITIATED,Madhya Pradesh,Set Of 3 - Pure Cotton Rajwada Patchwork Print King Size Bedsheet,,home__home_improvement__utility,1189.52,5,59.48,-,-,KD-RJ-RJP-KDB,KD-RJ-RJP-KDB,1,1249.00
03-04-2026,INVOICE,27-80DFR-0000012,NS009EF64C8205EC6F,RTO_ACKNOWLEDGED,Rajasthan,Set Of 3 - Pure Cotton Rajwada Patchwork Print King Size Bedsheet,,home__home_improvement__utility,1189.52,5,59.48,-,-,KD-RJ-RJP-KDB,KD-RJ-RJP-KDB,1,1249.00
03-04-2026,INVOICE,27-80DFR-0000011,NS0E305E4F07845582,DELIVERED,Tamil Nadu,Set Of 3 - Pure Cotton Rajwada Patchwork Print King Size Bedsheet,,home__home_improvement__utility,1189.52,5,59.48,-,-,KD-RJ-RJP-KDB,KD-RJ-RJP-KDB,1,1249.00
02-04-2026,INVOICE,27-80DFR-0000010,NS0019E5779821B529,DELIVERED,Tamil Nadu,Set Of 3 - Pure Cotton Rajwada Patchwork Print King Size Bedsheet,,home__home_improvement__utility,1094.29,5,54.71,-,-,KD-RJ-RJP-KDB,KD-RJ-RJP-KDB,1,1149.00
02-04-2026,INVOICE,27-80DFR-0000009,NS00B8308A6C580463,DELIVERED,Himachal Pradesh,Set Of 3 - Pure Cotton Rajwada Patchwork Print King Size Bedsheet,,home__home_improvement__utility,1094.29,5,54.71,-,-,KD-RJ-RJP-KDB,KD-RJ-RJP-KDB,1,1149.00
02-04-2026,INVOICE,27-80DFR-0000008,NS064214A65FFC939F,DELIVERED,Uttar Pradesh,Set Of 3 - Pure Cotton Rajwada Patchwork Print King Size Bedsheet,,home__home_improvement__utility,1189.52,5,59.48,-,-,KD-RJ-RJP-KDB,KD-RJ-RJP-KDB,1,1249.00
02-04-2026,INVOICE,27-80DFR-0000007,NS0D6D7F8155E5CE00,DELIVERED,Andhra Pradesh,Mattress Cover | Protector |  100% Waterproof | Royal Blue,,home__home_improvement__utility,1418.10,5,70.90,-,-,TLS-MP-RYB-DBF,TLS-MP-RYB-DBF,1,1489.00
02-04-2026,INVOICE,27-80DFR-0000006,NS071E23F667B2F8C2,DELIVERED,Andhra Pradesh,Set Of 3 - Pure Cotton Rajwada Patchwork Print King Size Bedsheet,,home__home_improvement__utility,1189.52,5,59.48,-,-,KD-RJ-RJP-KDB,KD-RJ-RJP-KDB,1,1249.00
02-04-2026,INVOICE,27-80DFR-0000005,NS0CB5D1ECC2B2A091,DELIVERED,Karnataka,Set Of 3 - Pure Cotton Rajwada Patchwork Print King Size Bedsheet,,home__home_improvement__utility,1189.52,5,59.48,-,-,KD-RJ-RJP-KDB,KD-RJ-RJP-KDB,1,1249.00
02-04-2026,INVOICE,27-80DFR-0000004,NS03C2D0AD285A14B4,DELIVERED,Haryana,Set Of 3 - Pure Cotton Rajwada Patchwork Print King Size Bedsheet,,home__home_improvement__utility,1189.52,5,-,29.74,29.74,KD-RJ-RJP-KDB,KD-RJ-RJP-KDB,1,1249.00
01-04-2026,INVOICE,27-80DFR-0000003,NS07661AE5F4774BAB,DELIVERED,West Bengal,Set Of 3 - Pure Cotton Rajwada Patchwork Print King Size Bedsheet,,home__home_improvement__utility,1189.52,5,59.48,-,-,KD-RJ-RJP-KDB,KD-RJ-RJP-KDB,1,1249.00
01-04-2026,INVOICE,27-80DFR-0000002,NS064787FAB92464BF,DELIVERED,Uttar Pradesh,Set Of 3 - Pure Cotton Rajwada Patchwork Print King Size Bedsheet,,home__home_improvement__utility,1094.29,5,54.71,-,-,KD-RJ-RJP-KDB,KD-RJ-RJP-KDB,1,1149.00
01-04-2026,INVOICE,27-80DFR-0000001,NS0A7F1D2261B68230,DELIVERED,Tamil Nadu,Set Of 3 - Pure Cotton Rajwada Patchwork Print King Size Bedsheet,,home__home_improvement__utility,1189.52,5,59.48,-,-,KD-RJ-RJP-KDB,KD-RJ-RJP-KDB,1,1249.00
03-04-2026,CREDIT NOTE,C27-80DFR-0000001,NS002E1623F9158087,CANCEL_INITIATED,Madhya Pradesh,Set Of 3 - Pure Cotton Rajwada Patchwork Print King Size Bedsheet,,home__home_improvement__utility,-1189.52,5,-59.48,-,-,KD-RJ-RJP-KDB,KD-RJ-RJP-KDB,1,-1249.00
04-04-2026,CREDIT NOTE,C27-80DFR-0000002,NS0AF279255C910615,CANCEL_INITIATED,Maharashtra,Set Of 3 - Pure Cotton Rajwada Patchwork Print King Size Bedsheet,,home__home_improvement__utility,-1094.29,5,-54.71,-,-,KD-RJ-RJP-KDB,KD-RJ-RJP-KDB,1,-1149.00
04-04-2026,CREDIT NOTE,C27-80DFR-0000003,NS2D47783DEE961BA9,CANCEL_INITIATED,Maharashtra,Sunehri Neel Premium Paisley Comforter Set - Set of 4,,others_68c015dd317e68f10e190e4c__others__comforter_set,-2337.14,5,-116.86,-,-,JSR-SLK-BYPS-QDB_90 x 100 Inches,JSR-SLK-SNPS-QDB,1,-2454.00
04-04-2026,CREDIT NOTE,C27-80DFR-0000003,NS1D47783DEE961BA9,CANCEL_INITIATED,Maharashtra,Set Of 3 - Pure Cotton Rajwada Patchwork Print King Size Bedsheet,,home__home_improvement__utility,-1167.62,5,-58.38,-,-,KD-RJ-RJP-KDB,KD-RJ-RJP-KDB,1,-1226.00
04-04-2026,CREDIT NOTE,C27-80DFR-0000004,NS1D47783DEE961BA9,CANCEL_INITIATED,Maharashtra,Set Of 3 - Pure Cotton Rajwada Patchwork Print King Size Bedsheet,,home__home_improvement__utility,-1167.62,5,-58.38,-,-,KD-RJ-RJP-KDB,KD-RJ-RJP-KDB,1,-1226.00
04-04-2026,CREDIT NOTE,C27-80DFR-0000005,NS0D47783DEE961BA9,CANCEL_INITIATED,Maharashtra,Set Of 5 - 300GSM Cotton Blue Blossoms Floral King size Bedsheet & Pillow Cover,,home__home_improvement__utility,-1644.76,5,-82.24,-,-,TLS-HPD-BBFK-KDB,TLS-HPD-BBFK-KDB,1,-1727.00
04-04-2026,CREDIT NOTE,C27-80DFR-0000006,NS05A6445A2BF4AF7E,RTO_ACKNOWLEDGED,Tamil Nadu,Set Of 3 - Pure Cotton Rajwada Patchwork Print King Size Bedsheet,,home__home_improvement__utility,-1189.52,5,-59.48,-,-,KD-RJ-RJP-KDB,KD-RJ-RJP-KDB,1,-1249.00
06-04-2026,CREDIT NOTE,C27-80DFR-0000007,NS07B8E01BDBDDF700,RTO_ACKNOWLEDGED,Telangana,Set Of 3 - Pure Cotton Sage Green Lotus Bedsheet Set - Double Bedsheet & Pillow Covers,,home__home_improvement__utility,-1199.05,5,-59.95,-,-,KD-RJ-SGL-KDB,KD-RJ-SGL-KDB,1,-1259.00
09-04-2026,CREDIT NOTE,C27-80DFR-0000008,NS27AB0630E63E50AC,CANCEL_INITIATED,Haryana,Blue Paisley Bedsheet Set with 2 cushions,,home__home_improvement__utility,-941.90,5,-,-23.55,-23.55,TLS-BB-BPS-QDB,TLS-BB-BPS-QDB,1,-989.00
09-04-2026,CREDIT NOTE,C27-80DFR-0000008,NS17AB0630E63E50AC,CANCEL_INITIATED,Haryana,Blue Floral Block Bedsheet Round Handmade Cushions-300 GSM Super Soft Cotton,,home__home_improvement__utility,-1665.71,5,-,-41.64,-41.64,TLS-HPD-BFLB-KDB,TLS-HPD-BFLB-KDB,1,-1749.00
09-04-2026,CREDIT NOTE,C27-80DFR-0000008,NS07AB0630E63E50AC,CANCEL_INITIATED,Haryana,Pure Cotton Rajwada Patchwork Print King Size Bedsheet,,home__home_improvement__utility,-1189.52,5,-,-29.74,-29.74,KD-RJ-RJP-KDB,KD-RJ-RJP-KDB,1,-1249.00
09-04-2026,CREDIT NOTE,C27-80DFR-0000009,NS17AB0630E63E50AC,CANCEL_INITIATED,Haryana,Blue Floral Block Bedsheet Round Handmade Cushions-300 GSM Super Soft Cotton,,home__home_improvement__utility,-1665.71,5,-,-41.64,-41.64,TLS-HPD-BFLB-KDB,TLS-HPD-BFLB-KDB,1,-1749.00
09-04-2026,CREDIT NOTE,C27-80DFR-0000009,NS07AB0630E63E50AC,CANCEL_INITIATED,Haryana,Pure Cotton Rajwada Patchwork Print King Size Bedsheet,,home__home_improvement__utility,-1189.52,5,-,-29.74,-29.74,KD-RJ-RJP-KDB,KD-RJ-RJP-KDB,1,-1249.00
09-04-2026,CREDIT NOTE,C27-80DFR-0000010,NS07AB0630E63E50AC,CANCEL_INITIATED,Haryana,Pure Cotton Rajwada Patchwork Print King Size Bedsheet,,home__home_improvement__utility,-1189.52,5,-,-29.74,-29.74,KD-RJ-RJP-KDB,KD-RJ-RJP-KDB,1,-1249.00
09-04-2026,CREDIT NOTE,C27-80DFR-0000011,NS0B09F19649278276,CANCEL_INITIATED,Haryana,Pure Cotton Rajwada Patchwork Print King Size Bedsheet,,home__home_improvement__utility,-1189.52,5,-,-29.74,-29.74,KD-RJ-RJP-KDB,KD-RJ-RJP-KDB,1,-1249.00
09-04-2026,CREDIT NOTE,C27-80DFR-0000012,NS0CAEB042082F2BFF,RTO_ACKNOWLEDGED,Himachal Pradesh,Set Of 3 - Pure Cotton Rajwada Patchwork Print King Size Bedsheet,,home__home_improvement__utility,-1189.52,5,-59.48,-,-,KD-RJ-RJP-KDB,KD-RJ-RJP-KDB,1,-1249.00
10-04-2026,CREDIT NOTE,C27-80DFR-0000013,NS072D67B6EF471E3F,RTO_ACKNOWLEDGED,Kerala,Set Of 3 - Pure Cotton Rajwada Patchwork Print King Size Bedsheet,,home__home_improvement__utility,-1189.52,5,-59.48,-,-,KD-RJ-RJP-KDB,KD-RJ-RJP-KDB,1,-1249.00
11-04-2026,CREDIT NOTE,C27-80DFR-0000014,NS008FB353C61530A3,DELIVERED,Uttar Pradesh,Set Of 3 - Pure Cotton Rajwada Patchwork Print King Size Bedsheet,,home__home_improvement__utility,-1189.52,5,-59.48,-,-,KD-RJ-RJP-KDB,KD-RJ-RJP-KDB,1,-1249.00
13-04-2026,CREDIT NOTE,C27-80DFR-0000015,NS09B010CC692299F1,CANCEL_INITIATED,Andhra Pradesh,Pure Cotton Rajwada Patchwork Print King Size Bedsheet,,home__home_improvement__utility,-1189.52,5,-59.48,-,-,KD-RJ-RJP-KDB,KD-RJ-RJP-KDB,1,-1249.00
14-04-2026,CREDIT NOTE,C27-80DFR-0000016,NS00193F9554E6CDC8,CANCEL_INITIATED,Tamil Nadu,Pure Cotton Rajwada Patchwork Print King Size Bedsheet,,home__home_improvement__utility,-1189.52,5,-59.48,-,-,KD-RJ-RJP-KDB,KD-RJ-RJP-KDB,1,-1249.00
17-04-2026,CREDIT NOTE,C27-80DFR-0000017,NS01E22E1B52E7F838,RTO_ACKNOWLEDGED,Uttar Pradesh,Set Of 3 - Pure Cotton Rajwada Patchwork Print King Size Bedsheet,,home__home_improvement__utility,-1189.52,5,-59.48,-,-,KD-RJ-RJP-KDB,KD-RJ-RJP-KDB,1,-1249.00
17-04-2026,CREDIT NOTE,C27-80DFR-0000018,NS0022D6C478EB625D,CANCEL_INITIATED,Haryana,Pure Cotton Rajwada Patchwork Print King Size Bedsheet,,home__home_improvement__utility,-1189.52,5,-,-29.74,-29.74,KD-RJ-RJP-KDB,KD-RJ-RJP-KDB,1,-1249.00
17-04-2026,CREDIT NOTE,C27-80DFR-0000019,NS0B08027BB061950F,CANCEL_INITIATED,Uttar Pradesh,Pure Cotton Rajwada Patchwork Print King Size Bedsheet,,home__home_improvement__utility,-1189.52,5,-59.48,-,-,KD-RJ-RJP-KDB,KD-RJ-RJP-KDB,1,-1249.00
18-04-2026,CREDIT NOTE,C27-80DFR-0000020,NS07A1429BA25FBD2C,RTO_ACKNOWLEDGED,Uttar Pradesh,Pure Cotton Rajwada Patchwork Print King Size Bedsheet,,home__home_improvement__utility,-1189.52,5,-59.48,-,-,KD-RJ-RJP-KDB,KD-RJ-RJP-KDB,1,-1249.00
18-04-2026,CREDIT NOTE,C27-80DFR-0000021,NS00CC2E1272720AF7,RTO_ACKNOWLEDGED,Punjab,Pure Cotton Rajwada Patchwork Print King Size Bedsheet,,home__home_improvement__utility,-1189.52,5,-59.48,-,-,KD-RJ-RJP-KDB,KD-RJ-RJP-KDB,1,-1249.00
18-04-2026,CREDIT NOTE,C27-80DFR-0000022,NS01D08671D6ADE9DF,RTO_ACKNOWLEDGED,Rajasthan,Set Of 5 - 300GSM Cotton Blue Blossoms Floral King size Bedsheet & Pillow Cover,,home__home_improvement__utility,-1675.24,5,-83.76,-,-,TLS-HPD-BBFK-KDB,TLS-HPD-BBFK-KDB,1,-1759.00
18-04-2026,CREDIT NOTE,C27-80DFR-0000023,NS0806BC9E6B1BFCA6,RTO_ACKNOWLEDGED,Telangana,Pure Cotton Rajwada Patchwork Print King Size Bedsheet,,home__home_improvement__utility,-1189.52,5,-59.48,-,-,KD-RJ-RJP-KDB,KD-RJ-RJP-KDB,1,-1249.00
18-04-2026,CREDIT NOTE,C27-80DFR-0000024,NS06DCF7D1477F4168,RTO_ACKNOWLEDGED,Andhra Pradesh,Pure Cotton Rajwada Patchwork Print King Size Bedsheet,,home__home_improvement__utility,-1189.52,5,-59.48,-,-,KD-RJ-RJP-KDB,KD-RJ-RJP-KDB,1,-1249.00
19-04-2026,CREDIT NOTE,C27-80DFR-0000025,NS0AF522EC4EA0DEA1,RTO_ACKNOWLEDGED,Punjab,Set Of 3 - Pure Cotton Rajwada Patchwork Print King Size Bedsheet,,home__home_improvement__utility,-1189.52,5,-59.48,-,-,KD-RJ-RJP-KDB,KD-RJ-RJP-KDB,1,-1249.00
19-04-2026,CREDIT NOTE,C27-80DFR-0000026,NS0B5B7A1F9D0B82FF,RTO_ACKNOWLEDGED,Madhya Pradesh,Set Of 3 - Pure Cotton Rajwada Patchwork Print King Size Bedsheet,,home__home_improvement__utility,-1094.29,5,-54.71,-,-,KD-RJ-RJP-KDB,KD-RJ-RJP-KDB,1,-1149.00
20-04-2026,CREDIT NOTE,C27-80DFR-0000027,NS05A3B71FFE1B958C,RTO_ACKNOWLEDGED,Uttar Pradesh,Pure Cotton Rajwada Patchwork Print King Size Bedsheet,,home__home_improvement__utility,-1189.52,5,-59.48,-,-,KD-RJ-RJP-KDB,KD-RJ-RJP-KDB,1,-1249.00
21-04-2026,CREDIT NOTE,C27-80DFR-0000028,NS047DC1D4EC4D3CDD,RTO_ACKNOWLEDGED,Uttar Pradesh,Pure Cotton Rajwada Patchwork Print King Size Bedsheet,,home__home_improvement__utility,-1189.52,5,-59.48,-,-,KD-RJ-RJP-KDB,KD-RJ-RJP-KDB,1,-1249.00
21-04-2026,CREDIT NOTE,C27-80DFR-0000029,NS04830206964EF89A,RTO_ACKNOWLEDGED,Haryana,Pure Cotton Rajwada Patchwork Print King Size Bedsheet,,home__home_improvement__utility,-1189.52,5,-,-29.74,-29.74,KD-RJ-RJP-KDB,KD-RJ-RJP-KDB,1,-1249.00
21-04-2026,CREDIT NOTE,C27-80DFR-0000030,NS0EF31A895BCA0D39,CANCEL_INITIATED,Andhra Pradesh,Pure Cotton Rajwada Patchwork Print King Size Bedsheet,,home__home_improvement__utility,-1189.52,5,-59.48,-,-,KD-RJ-RJP-KDB,KD-RJ-RJP-KDB,1,-1249.00
21-04-2026,CREDIT NOTE,C27-80DFR-0000031,NS09669986435B53C5,RTO_ACKNOWLEDGED,Jharkhand,Pure Cotton Rajwada Patchwork Print King Size Bedsheet,,home__home_improvement__utility,-1189.52,5,-59.48,-,-,KD-RJ-RJP-KDB,KD-RJ-RJP-KDB,1,-1249.00
21-04-2026,CREDIT NOTE,C27-80DFR-0000032,NS0E8A4DEF35C41700,RTO_ACKNOWLEDGED,West Bengal,Pure Cotton Rajwada Patchwork Print King Size Bedsheet,,home__home_improvement__utility,-1094.29,5,-54.71,-,-,KD-RJ-RJP-KDB,KD-RJ-RJP-KDB,1,-1149.00
21-04-2026,CREDIT NOTE,C27-80DFR-0000033,NS0D0B02FBF05ED62F,CANCEL_INITIATED,Haryana,Pure Cotton Rajwada Patchwork Print King Size Bedsheet,,home__home_improvement__utility,-1189.52,5,-,-29.74,-29.74,KD-RJ-RJP-KDB,KD-RJ-RJP-KDB,1,-1249.00
21-04-2026,CREDIT NOTE,C27-80DFR-0000034,NS0C85B92242BBFE9E,CANCEL_INITIATED,Uttar Pradesh,Pure Cotton Rajwada Patchwork Print King Size Bedsheet,,home__home_improvement__utility,-1189.52,5,-59.48,-,-,KD-RJ-RJP-KDB,KD-RJ-RJP-KDB,1,-1249.00
21-04-2026,CREDIT NOTE,C27-80DFR-0000035,NS009EF64C8205EC6F,RTO_ACKNOWLEDGED,Rajasthan,Set Of 3 - Pure Cotton Rajwada Patchwork Print King Size Bedsheet,,home__home_improvement__utility,-1189.52,5,-59.48,-,-,KD-RJ-RJP-KDB,KD-RJ-RJP-KDB,1,-1249.00
22-04-2026,CREDIT NOTE,C27-80DFR-0000036,NS07311537BF664194,CANCEL_INITIATED,Haryana,Blue Floral Block Bedsheet Round Handmade Cushions-300 GSM Super Soft Cotton,,home__home_improvement__utility,-1570.48,5,-,-39.26,-39.26,TLS-HPD-BFLB-KDB,TLS-HPD-BFLB-KDB,1,-1649.00
22-04-2026,CREDIT NOTE,C27-80DFR-0000037,NS080DFF3338C5042C,CANCEL_INITIATED,Haryana,Blue Floral Block Bedsheet Round Handmade Cushions-300 GSM Super Soft Cotton,,home__home_improvement__utility,-1570.48,5,-,-39.26,-39.26,TLS-HPD-BFLB-KDB,TLS-HPD-BFLB-KDB,1,-1649.00
22-04-2026,CREDIT NOTE,C27-80DFR-0000038,NS061A8B562B7B0662,CANCEL_INITIATED,Maharashtra,Sage Green Lotus Pure Cotton Bedsheet Set - Double Bedsheet & Pillow Covers,,home__home_improvement__utility,-1103.81,5,-55.19,-,-,KD-RJ-SGL-KDB,KD-RJ-SGL-KDB,1,-1159.00
23-04-2026,CREDIT NOTE,C27-80DFR-0000039,NS0CEB0327984731FD,RTO_ACKNOWLEDGED,Punjab,Pure Cotton Rajwada Patchwork Print King Size Bedsheet,,home__home_improvement__utility,-1189.52,5,-59.48,-,-,KD-RJ-RJP-KDB,KD-RJ-RJP-KDB,1,-1249.00
23-04-2026,CREDIT NOTE,C27-80DFR-0000040,NS00DC73CF0B5D448A,RTO_ACKNOWLEDGED,Rajasthan,Pure Cotton Rajwada Patchwork Print King Size Bedsheet,,home__home_improvement__utility,-1189.52,5,-59.48,-,-,KD-RJ-RJP-KDB,KD-RJ-RJP-KDB,1,-1249.00
23-04-2026,CREDIT NOTE,C27-80DFR-0000041,NS135C1B46E3CC0B81,CANCEL_INITIATED,Maharashtra,Blue Floral Block Bedsheet Round Handmade Cushions-300 GSM Super Soft Cotton,,home__home_improvement__utility,-1665.71,5,-83.29,-,-,TLS-HPD-BFLB-KDB,TLS-HPD-BFLB-KDB,1,-1749.00
23-04-2026,CREDIT NOTE,C27-80DFR-0000041,NS0644DBE698441996,CANCEL_INITIATED,Maharashtra,Pure Cotton Rajwada Patchwork Print King Size Bedsheet,,home__home_improvement__utility,-1189.52,5,-59.48,-,-,KD-RJ-RJP-KDB,KD-RJ-RJP-KDB,1,-1249.00
23-04-2026,CREDIT NOTE,C27-80DFR-0000042,NS0644DBE698441996,CANCEL_INITIATED,Maharashtra,Pure Cotton Rajwada Patchwork Print King Size Bedsheet,,home__home_improvement__utility,-1189.52,5,-59.48,-,-,KD-RJ-RJP-KDB,KD-RJ-RJP-KDB,1,-1249.00
23-04-2026,CREDIT NOTE,C27-80DFR-0000043,NS0BBF5831FE40719C,RTO_ACKNOWLEDGED,Uttar Pradesh,Blush Harmony Comforter with Bedsheet Set,,home__home_improvement__utility,-1894.29,5,-94.71,-,-,KD-FCS-BHCS-QDB,KD-FCS-BHCS-QDB,1,-1989.00
24-04-2026,CREDIT NOTE,C27-80DFR-0000044,NS2B017ADD55F1CBA5,CANCEL_INITIATED,Andhra Pradesh,Serene Blue (Lotus) Pure Cotton King Size Bedsheet Set,,home__home_improvement__utility,-1189.52,5,-59.48,-,-,KD-RJ-SBL-KDB,KD-RJ-SBL-KDB,1,-1249.00
24-04-2026,CREDIT NOTE,C27-80DFR-0000044,NS1B017ADD55F1CBA5,CANCEL_INITIATED,Andhra Pradesh,Blue Paisley Bedsheet Set with 2 cushions,,home__home_improvement__utility,-941.90,5,-47.10,-,-,TLS-BB-BPS-QDB,TLS-BB-BPS-QDB,1,-989.00
24-04-2026,CREDIT NOTE,C27-80DFR-0000044,NS0B017ADD55F1CBA5,CANCEL_INITIATED,Andhra Pradesh,Pink Polka Dots Bedsheet Set with 2 cushions & 2 pillow covers- 180 GSM Cotton Blend,,home__home_improvement__utility,-951.43,5,-47.57,-,-,TLS-BB-PPP-QDB,TLS-BB-PPP-QDB,1,-999.00
24-04-2026,CREDIT NOTE,C27-80DFR-0000045,NS1B017ADD55F1CBA5,CANCEL_INITIATED,Andhra Pradesh,Blue Paisley Bedsheet Set with 2 cushions,,home__home_improvement__utility,-941.90,5,-47.10,-,-,TLS-BB-BPS-QDB,TLS-BB-BPS-QDB,1,-989.00
24-04-2026,CREDIT NOTE,C27-80DFR-0000045,NS0B017ADD55F1CBA5,CANCEL_INITIATED,Andhra Pradesh,Pink Polka Dots Bedsheet Set with 2 cushions & 2 pillow covers- 180 GSM Cotton Blend,,home__home_improvement__utility,-951.43,5,-47.57,-,-,TLS-BB-PPP-QDB,TLS-BB-PPP-QDB,1,-999.00
24-04-2026,CREDIT NOTE,C27-80DFR-0000046,NS0B017ADD55F1CBA5,CANCEL_INITIATED,Andhra Pradesh,Pink Polka Dots Bedsheet Set with 2 cushions & 2 pillow covers- 180 GSM Cotton Blend,,home__home_improvement__utility,-951.43,5,-47.57,-,-,TLS-BB-PPP-QDB,TLS-BB-PPP-QDB,1,-999.00
24-04-2026,CREDIT NOTE,C27-80DFR-0000047,NS0BDD4090D0ADFAF2,RTO_DELIVERED,Himachal Pradesh,Aqua Blue Bedsheet Set-with Pillow Covers ,,home__home_improvement__utility,-913.33,5,-45.67,-,-,KD-BD-AB-QDB-02,KD-BD-AB-QDB-02,1,-959.00
25-04-2026,CREDIT NOTE,C27-80DFR-0000048,NS03CDB9BCD34F4752,RTO_DELIVERED,Haryana,Pure Cotton Rajwada Patchwork Print King Size Bedsheet,,home__home_improvement__utility,-1189.52,5,-,-29.74,-29.74,KD-RJ-RJP-KDB,KD-RJ-RJP-KDB,1,-1249.00
25-04-2026,CREDIT NOTE,C27-80DFR-0000049,NS080E53886766013E,RTO_DELIVERED,Madhya Pradesh,Pure Cotton Rajwada Patchwork Print King Size Bedsheet,,home__home_improvement__utility,-1189.52,5,-59.48,-,-,KD-RJ-RJP-KDB,KD-RJ-RJP-KDB,1,-1249.00
25-04-2026,CREDIT NOTE,C27-80DFR-0000050,NS11B4B42F4051C456,CANCEL_INITIATED,Andhra Pradesh,Earth Bloom Floral Comforter Bedsheet Set,,home__home_improvement__utility,-1894.29,5,-94.71,-,-,KD-FCS-EBCS-QDB,KD-FCS-EBCS-QDB,1,-1989.00
25-04-2026,CREDIT NOTE,C27-80DFR-0000051,NS21B4B42F4051C456,CANCEL_INITIATED,Andhra Pradesh,Blue Floral Block Bedsheet Round Handmade Cushions-300 GSM Super Soft Cotton,,home__home_improvement__utility,-1665.71,5,-83.29,-,-,TLS-HPD-BFLB-KDB,TLS-HPD-BFLB-KDB,1,-1749.00
25-04-2026,CREDIT NOTE,C27-80DFR-0000052,NS31B4B42F4051C456,CANCEL_INITIATED,Andhra Pradesh,Pink Polka Dots Bedsheet Set with 2 cushions & 2 pillow covers- 180 GSM Cotton Blend,,home__home_improvement__utility,-951.43,5,-47.57,-,-,TLS-BB-PPP-QDB,TLS-BB-PPP-QDB,1,-999.00
25-04-2026,CREDIT NOTE,C27-80DFR-0000052,NS0ED837C22B028AAA,CANCEL_INITIATED,Andhra Pradesh,Blush Harmony Comforter with Bedsheet Set,,home__home_improvement__utility,-1894.29,5,-94.71,-,-,KD-FCS-BHCS-QDB,KD-FCS-BHCS-QDB,1,-1989.00
26-04-2026,CREDIT NOTE,C27-80DFR-0000053,NS088D8DDE7EFE471F,CANCEL_INITIATED,Punjab,Pure Cotton Rajwada Patchwork Print King Size Bedsheet,,home__home_improvement__utility,-1189.52,5,-59.48,-,-,KD-RJ-RJP-KDB,KD-RJ-RJP-KDB,1,-1249.00
27-04-2026,CREDIT NOTE,C27-80DFR-0000054,NS06A1567D2DE15235,CANCEL_INITIATED,Kerala,Pure Cotton Rajwada Patchwork Print King Size Bedsheet,,home__home_improvement__utility,-1189.52,5,-59.48,-,-,KD-RJ-RJP-KDB,KD-RJ-RJP-KDB,1,-1249.00
27-04-2026,CREDIT NOTE,C27-80DFR-0000055,NS0C47628FA540265F,DISPATCHED,Delhi,Pure Cotton Rajwada Patchwork Print King Size Bedsheet,,home__home_improvement__utility,-1189.52,5,-59.48,-,-,KD-RJ-RJP-KDB,KD-RJ-RJP-KDB,1,-1249.00
27-04-2026,CREDIT NOTE,C27-80DFR-0000056,NS0D882F847DB5FCDE,DISPATCHED,Delhi,Blue Paisley Bedsheet Set with 2 cushions,,home__home_improvement__utility,-941.90,5,-47.10,-,-,TLS-BB-BPS-QDB,TLS-BB-BPS-QDB,1,-989.00
27-04-2026,CREDIT NOTE,C27-80DFR-0000056,NS0C47628FA540265F,DISPATCHED,Delhi,Pure Cotton Rajwada Patchwork Print King Size Bedsheet,,home__home_improvement__utility,-1189.52,5,-59.48,-,-,KD-RJ-RJP-KDB,KD-RJ-RJP-KDB,1,-1249.00
27-04-2026,CREDIT NOTE,C27-80DFR-0000057,NS0A394965EEC10DDB,RTO_INITIATED,Haryana,Sage Green Lotus Pure Cotton Bedsheet Set - Double Bedsheet & Pillow Covers,,home__home_improvement__utility,-1199.05,5,-,-29.98,-29.98,KD-RJ-SGL-KDB,KD-RJ-SGL-KDB,1,-1259.00
27-04-2026,CREDIT NOTE,C27-80DFR-0000058,NS0F34AE7D14CC329C,CANCEL_INITIATED,Chhattisgarh,Pure Cotton Rajwada Patchwork Print King Size Bedsheet,,home__home_improvement__utility,-1189.52,5,-59.48,-,-,KD-RJ-RJP-KDB,KD-RJ-RJP-KDB,1,-1249.00
28-04-2026,CREDIT NOTE,C27-80DFR-0000059,NS07119812D761F721,RTO_INITIATED,Uttar Pradesh,Pure Cotton Rajwada Patchwork Print King Size Bedsheet,,home__home_improvement__utility,-1189.52,5,-59.48,-,-,KD-RJ-RJP-KDB,KD-RJ-RJP-KDB,1,-1249.00
29-04-2026,CREDIT NOTE,C27-80DFR-0000060,NS0DA5B68FE7A0AB0A,RTO_INITIATED,Haryana,Pure Cotton Rajwada Patchwork Print King Size Bedsheet,,home__home_improvement__utility,-1189.52,5,-,-29.74,-29.74,KD-RJ-RJP-KDB,KD-RJ-RJP-KDB,1,-1249.00
30-04-2026,CREDIT NOTE,C27-80DFR-0000061,NS0E8BA8792AB92161,RTO_INITIATED,Tamil Nadu,Pure Cotton Rajwada Patchwork Print King Size Bedsheet,,home__home_improvement__utility,-1189.52,5,-59.48,-,-,KD-RJ-RJP-KDB,KD-RJ-RJP-KDB,1,-1249.00
30-04-2026,CREDIT NOTE,C27-80DFR-0000062,NS0577655F29C911D4,RTO_INITIATED,Maharashtra,Pure Cotton Rajwada Patchwork Print King Size Bedsheet,,home__home_improvement__utility,-1189.52,5,-59.48,-,-,KD-RJ-RJP-KDB,KD-RJ-RJP-KDB,1,-1249.00
30-04-2026,CREDIT NOTE,C27-80DFR-0000063,NS1FD6D7463E69AD8D,RTO_INITIATED,Nagaland,Peach Blossom Bedsheet Set- with 2 pillow covers,,home__home_improvement__utility,-913.33,5,-45.67,-,-,KD-BD-PB-QDB-03,KD-BD-PB-QDB-03,1,-959.00
30-04-2026,CREDIT NOTE,C27-80DFR-0000063,NS0C36B2886E909081,RTO_INITIATED,Nagaland,Pure Cotton Rajwada Patchwork Print King Size Bedsheet,,home__home_improvement__utility,-1189.52,5,-59.48,-,-,KD-RJ-RJP-KDB,KD-RJ-RJP-KDB,1,-1249.00
30-04-2026,CREDIT NOTE,C27-80DFR-0000064,NS0DEB5243B53DF8F8,RTO_INITIATED,Maharashtra,Pure Cotton Rajwada Patchwork Print King Size Bedsheet,,home__home_improvement__utility,-1189.52,5,-59.48,-,-,KD-RJ-RJP-KDB,KD-RJ-RJP-KDB,1,-1249.00
